"id","log_total"
1,3.20549998921777
2,3.15419711911134
3,3.24397714179759
4,3.33375716448385
5,3.24397714179759
6,3.29528001190403
7,3.30810572943063
8,3.58075187235047
9,3.29528001190403
10,3.33375716448385
11,3.51331720985637
12,3.55179436243619
13,3.39788575211689
14,3.24397714179759
15,3.60058832151686
16,3.24397714179759
17,3.29528001190403
18,3.37223431706368
19,3.4107114696435
20,3.34658288201046
21,3.29528001190403
22,3.33375716448385
23,3.51331720985637
24,3.58075187235047
25,3.47484005727654
26,3.34658288201046
27,3.2568028593242
28,3.32093144695724
29,3.47484005727654
30,3.57744579748941
31,3.58075187235047
32,3.39788575211689
33,3.32093144695724
34,3.42353718717011
35,3.39788575211689
36,3.62373084554432
37,3.4107114696435
38,3.26962857685081
39,3.59067009693367
40,3.59067009693367
41,3.55179436243619
42,3.39788575211689
43,3.62042477068326
44,3.57744579748941
45,3.50049149232976
46,3.5646200799628
47,3.52614292738297
48,3.51331720985637
49,3.5646200799628
50,3.48766577480315
51,3.5873640220726
52,3.55179436243619
53,3.48766577480315
54,3.57744579748941
55,3.60720047123899
56,3.48766577480315
57,3.37223431706368
58,3.5972822466558
59,3.65017944443284
60,3.63034299526645
61,2.78943198335669
62,2.30512597236034
63,2.42620247510943
64,2.30512597236034
65,2.36566422373489
66,2.18404946961126
67,2.42620247510943
68,2.30512597236034
69,2.72889373198215
70,2.54727897785852
71,2.2445877209858
72,2.48674072648397
73,2.36566422373489
74,2.60781722923306
75,2.30512597236034
76,2.60781722923306
77,2.6683554806076
78,2.30512597236034
79,2.2445877209858
80,2.18404946961126
81,2.2445877209858
82,2.18404946961126
83,2.30512597236034
84,2.42620247510943
85,2.2445877209858
86,2.54727897785852
87,2.54727897785852
88,2.54727897785852
89,2.42620247510943
90,2.60781722923306
91,2.48674072648397
92,2.60781722923306
93,2.48674072648397
94,2.72889373198215
95,2.42620247510943
96,2.42620247510943
97,2.30512597236034
98,2.36566422373489
99,2.48674072648397
100,2.36566422373489
101,2.30512597236034
102,2.36566422373489
103,2.36566422373489
104,2.42620247510943
105,2.60781722923306
106,2.36566422373489
107,2.78943198335669
108,2.6683554806076
109,2.42620247510943
110,2.30512597236034
111,2.54727897785852
112,2.30512597236034
113,2.54727897785852
114,2.36566422373489
115,2.60781722923306
116,2.42620247510943
117,2.48674072648397
118,3.59397617179473
119,3.55179436243619
120,3.47484005727654
121,3.58405794721154
122,3.53896864490958
123,3.62373084554432
124,3.63364907012752
125,3.50049149232976
126,3.55179436243619
127,3.61050654610006
128,3.70968879193202
129,3.73613739082054
130,3.61381262096112
131,3.60058832151686
132,3.61381262096112
133,3.60389439637793
134,3.64026121984965
135,3.55179436243619
136,3.68985234276562
137,3.65348551929391
138,3.69646449248776
139,3.75597383998693
140,3.71299486679308
141,3.759279914848
142,3.71299486679308
143,3.68985234276562
144,3.70968879193202
145,3.8353196366525
146,3.82870748693037
147,3.8154831874861
148,3.94442010706765
149,3.94442010706765
150,3.84854393609676
151,3.95103225678978
152,3.92788973276232
153,3.9873990802615
154,3.95764440651191
155,3.9014411338738
156,4.00723552942789
157,3.96425655623404
158,3.94772618192871
159,4.0535205774828
160,3.911359358457
161,3.92458365790126
162,3.9014411338738
163,3.93450188248445
164,3.99731730484469
165,4.01054160428895
166,3.94111403220658
167,3.88160468470741
168,4.01715375401108
169,3.96095048137297
170,3.90474720873486
171,3.99401122998363
172,3.82870748693037
173,3.9014411338738
174,3.9014411338738
175,3.92458365790126
176,3.93780795734552
177,3.80225888804184
178,3.26962857685081
179,3.30810572943063
180,3.34658288201046
181,3.23115142427099
182,3.32093144695724
183,3.34658288201046
184,3.35940859953707
185,3.43636290469672
186,3.42353718717011
187,3.34658288201046
188,3.26962857685081
189,3.53896864490958
190,3.47484005727654
191,3.60058832151686
192,3.51331720985637
193,3.5873640220726
194,3.43636290469672
195,3.47484005727654
196,3.53896864490958
197,3.5972822466558
198,3.58405794721154
199,3.64687336957178
200,3.42353718717011
201,3.58075187235047
202,3.63695514498858
203,3.53896864490958
204,3.57744579748941
205,3.59067009693367
206,3.69646449248776
207,3.69315841762669
208,3.6733219684603
209,3.6634037438771
210,3.62703692040539
211,3.66009766901604
212,3.71299486679308
213,3.6634037438771
214,3.65348551929391
215,3.65348551929391
216,3.69646449248776
217,3.68985234276562
218,3.65348551929391
219,3.71960701651521
220,3.60720047123899
221,3.64687336957178
222,3.63364907012752
223,3.61381262096112
224,3.60389439637793
225,3.71960701651521
226,3.73613739082054
227,3.6634037438771
228,3.64687336957178
229,3.61711869582219
230,3.61711869582219
231,3.64687336957178
232,3.6733219684603
233,3.66670981873817
234,3.63364907012752
235,3.69646449248776
236,3.63364907012752
237,3.61711869582219
238,4.37854941527972
239,4.35250192969766
240,4.36507657790969
241,4.32196349832559
242,4.32914901158961
243,4.33184357906361
244,4.40459690086178
245,4.36238201043568
246,4.35699287548767
247,4.35609468632967
248,4.3713639020157
249,4.53752889624607
250,4.42166249486381
251,4.35519649717167
252,4.34262184895964
253,4.34621460559164
254,4.35878925380367
255,4.42615344065382
256,4.46926652023792
257,4.43962627802385
258,4.47196108771192
259,4.47375746602793
260,4.52675062635005
261,4.69830475552842
262,4.52585243719204
263,4.43064438644383
264,4.49980495160998
265,4.5959111915162
266,4.67585002657837
267,4.63722789278429
268,4.70728664710844
269,4.72794499774248
270,4.63004237952028
271,4.7324359435325
272,4.81147658943667
273,4.91387015344889
274,4.77105807732658
275,4.69650837721242
276,4.89410999197285
277,4.81506934606868
278,4.7773454014326
279,4.79171642796063
280,4.72794499774248
281,4.76926169901058
282,4.70369389047643
283,4.71626853868846
284,4.78363272553861
285,4.88422991123483
286,4.74950153753454
287,4.72704680858448
288,4.75219610500854
289,4.73692688932251
290,4.74770515921853
291,4.69381380973841
292,4.74051964595452
293,4.80608745448866
294,4.74411240258653
295,4.81506934606868
296,4.76926169901058
297,4.61387497467623
298,3.44918862222333
299,3.28245429437742
300,3.28245429437742
301,3.39788575211689
302,3.44918862222333
303,3.4107114696435
304,3.38506003459028
305,3.50049149232976
306,3.30810572943063
307,3.33375716448385
308,3.33375716448385
309,3.65348551929391
310,3.42353718717011
311,3.33375716448385
312,3.38506003459028
313,3.32093144695724
314,3.50049149232976
315,3.59397617179473
316,3.42353718717011
317,3.5873640220726
318,3.57744579748941
319,3.62373084554432
320,3.60389439637793
321,3.65348551929391
322,3.63695514498858
323,3.5972822466558
324,3.61050654610006
325,3.62373084554432
326,3.64026121984965
327,3.59067009693367
328,3.61050654610006
329,3.70307664220989
330,3.59067009693367
331,3.63695514498858
332,3.61711869582219
333,3.69315841762669
334,3.67993411818243
335,3.69315841762669
336,3.74605561540373
337,3.76919813943119
338,3.74274954054267
339,3.63695514498858
340,3.62703692040539
341,3.71299486679308
342,3.57744579748941
343,3.64687336957178
344,3.64356729471071
345,3.7394434656816
346,3.66009766901604
347,3.6634037438771
348,3.71299486679308
349,3.78242243887545
350,3.71960701651521
351,3.69315841762669
352,3.76919813943119
353,3.76258598970906
354,3.68324019304349
355,3.65679159415497
356,3.73283131595947
357,3.66009766901604
358,3.37223431706368
359,3.07724281395169
360,3.26962857685081
361,3.20549998921777
362,3.12854568405812
363,3.29528001190403
364,3.37223431706368
365,3.16702283663794
366,3.19267427169116
367,3.20549998921777
368,3.2568028593242
369,3.57744579748941
370,3.23115142427099
371,3.21832570674438
372,3.21832570674438
373,3.17984855416455
374,3.00028850879204
375,3.24397714179759
376,3.21832570674438
377,3.30810572943063
378,3.35940859953707
379,3.30810572943063
380,3.15419711911134
381,3.46201433974993
382,3.44918862222333
383,3.50049149232976
384,3.50049149232976
385,3.47484005727654
386,3.42353718717011
387,3.42353718717011
388,3.28245429437742
389,3.30810572943063
390,3.47484005727654
391,3.43636290469672
392,3.51331720985637
393,3.63364907012752
394,3.50049149232976
395,3.35940859953707
396,3.47484005727654
397,3.59397617179473
398,3.51331720985637
399,3.52614292738297
400,3.5646200799628
401,3.59067009693367
402,3.35940859953707
403,3.52614292738297
404,3.5646200799628
405,3.61050654610006
406,3.43636290469672
407,3.2568028593242
408,3.35940859953707
409,3.47484005727654
410,3.58075187235047
411,3.5873640220726
412,3.5873640220726
413,3.61711869582219
414,3.44918862222333
415,3.59397617179473
416,3.53896864490958
417,3.53896864490958
418,3.02593994384525
419,2.9489856386856
420,3.00028850879204
421,2.96181135621221
422,3.09006853147829
423,2.96181135621221
424,2.91050848610578
425,3.09006853147829
426,3.09006853147829
427,3.09006853147829
428,3.02593994384525
429,3.01311422631865
430,3.02593994384525
431,3.14137140158473
432,2.98746279126543
433,2.97463707373882
434,3.06441709642508
435,3.01311422631865
436,2.936159921159
437,2.96181135621221
438,3.12854568405812
439,2.98746279126543
440,3.12854568405812
441,3.15419711911134
442,3.14137140158473
443,2.96181135621221
444,3.02593994384525
445,2.98746279126543
446,2.98746279126543
447,3.16702283663794
448,3.01311422631865
449,3.05159137889847
450,3.09006853147829
451,3.03876566137186
452,3.06441709642508
453,3.1028942490049
454,3.07724281395169
455,3.01311422631865
456,3.03876566137186
457,3.09006853147829
458,3.06441709642508
459,3.05159137889847
460,2.96181135621221
461,3.14137140158473
462,3.19267427169116
463,3.11571996653151
464,3.11571996653151
465,3.19267427169116
466,3.11571996653151
467,3.01311422631865
468,3.06441709642508
469,3.03876566137186
470,3.03876566137186
471,3.16702283663794
472,3.07724281395169
473,3.19267427169116
474,3.06441709642508
475,3.09006853147829
476,3.09006853147829
477,3.00028850879204
478,3.02593994384525
479,2.92333420363239
480,2.936159921159
481,2.6683554806076
482,2.96181135621221
483,2.84997023473124
484,2.97463707373882
485,2.96181135621221
486,2.72889373198215
487,2.54727897785852
488,2.98746279126543
489,3.09006853147829
490,3.14137140158473
491,3.09006853147829
492,3.06441709642508
493,3.06441709642508
494,3.01311422631865
495,3.00028850879204
496,3.09006853147829
497,3.01311422631865
498,3.03876566137186
499,3.03876566137186
500,3.03876566137186
501,3.09006853147829
502,3.02593994384525
503,3.01311422631865
504,3.09006853147829
505,3.12854568405812
506,3.12854568405812
507,3.12854568405812
508,3.23115142427099
509,3.2568028593242
510,3.24397714179759
511,3.17984855416455
512,3.23115142427099
513,3.34658288201046
514,3.14137140158473
515,3.14137140158473
516,3.33375716448385
517,3.26962857685081
518,3.24397714179759
519,3.28245429437742
520,3.30810572943063
521,3.17984855416455
522,3.28245429437742
523,3.29528001190403
524,3.21832570674438
525,3.2568028593242
526,3.28245429437742
527,3.14137140158473
528,3.28245429437742
529,3.20549998921777
530,3.14137140158473
531,3.1028942490049
532,3.20549998921777
533,3.07724281395169
534,3.07724281395169
535,3.14137140158473
536,3.12854568405812
537,3.16702283663794
538,4.17253927248115
539,4.20250434031133
540,4.1890315029413
541,4.18454055715129
542,4.15931497303689
543,4.20250434031133
544,4.20160615115333
545,4.1872351246253
546,4.19621701620532
547,4.16592712275902
548,4.25010836568544
549,4.29052687779552
550,4.21058804273335
551,4.15270282331476
552,4.20430071862733
553,4.18364236799329
554,4.19442063788931
555,4.21867174515537
556,4.24921017652743
557,4.21148623189135
558,4.20699528610134
559,4.25100655484344
560,4.26358120305547
561,4.36238201043568
562,4.23034820420939
563,4.25280293315944
564,4.25100655484344
565,4.3237598766416
566,4.34352003811764
567,4.34531641643364
568,4.34621460559164
569,4.33902909232763
570,4.32016712000959
571,4.38393855022773
572,4.39920776591376
573,4.43603352139184
574,4.40100414422977
575,4.34082547064363
576,4.4162733599158
577,4.38573492854373
578,4.42615344065382
579,4.40729146833578
580,4.3722620911737
581,4.37405846948971
582,4.33902909232763
583,4.35519649717167
584,4.41178241412579
585,4.41178241412579
586,4.33813090316963
587,4.30040695853355
588,4.35250192969766
589,4.40639327917778
590,4.38753130685974
591,4.42256068402182
592,4.4171715490738
593,4.4153751707578
594,4.38034579359572
595,4.40549509001978
596,4.36328019959368
597,4.23933009578941
598,3.74274954054267
599,3.64687336957178
600,3.70307664220989
601,3.65348551929391
602,3.77911636401439
603,3.70638271707095
604,3.81217711262504
605,3.75597383998693
606,3.74605561540373
607,3.75266776512586
608,3.77911636401439
609,3.90805328359593
610,3.85846216067995
611,3.75266776512586
612,3.80887103776397
613,3.93780795734552
614,3.911359358457
615,3.88160468470741
616,3.95433833165084
617,3.88160468470741
618,3.88821683442954
619,4.02707197859428
620,4.00392945456682
621,4.09980562553771
622,4.01384767915002
623,3.96425655623404
624,4.10972385012091
625,4.20070796199533
626,4.19442063788931
627,4.07666310151026
628,4.23034820420939
629,4.19262425957331
630,4.18094780051928
631,4.18184598967729
632,4.20430071862733
633,4.22226450178737
634,4.22675544757738
635,4.15931497303689
636,4.24651560905343
637,4.2330427716834
638,4.25370112231744
639,4.27615585126749
640,4.20699528610134
641,4.24022828494741
642,4.20699528610134
643,4.21328261020735
644,4.25100655484344
645,4.2788504187415
646,4.22226450178737
647,4.19980977283732
648,4.23124639336739
649,4.20609709694334
650,4.25190474400144
651,4.21058804273335
652,4.21687536683936
653,4.23933009578941
654,4.20968985357535
655,4.22945001505139
656,4.1881333137833
657,3.97086870595617
658,2.97463707373882
659,2.936159921159
660,3.00028850879204
661,2.6683554806076
662,2.60781722923306
663,2.84997023473124
664,2.72889373198215
665,3.03876566137186
666,3.06441709642508
667,2.96181135621221
668,2.97463707373882
669,2.97463707373882
670,2.98746279126543
671,2.9489856386856
672,2.97463707373882
673,3.1028942490049
674,3.05159137889847
675,3.02593994384525
676,3.06441709642508
677,2.97463707373882
678,3.00028850879204
679,3.33375716448385
680,3.29528001190403
681,3.14137140158473
682,3.15419711911134
683,3.09006853147829
684,2.936159921159
685,2.9489856386856
686,3.1028942490049
687,3.2568028593242
688,3.12854568405812
689,3.19267427169116
690,3.1028942490049
691,3.16702283663794
692,3.1028942490049
693,3.07724281395169
694,3.11571996653151
695,3.1028942490049
696,3.11571996653151
697,2.98746279126543
698,3.01311422631865
699,3.12854568405812
700,3.06441709642508
701,3.12854568405812
702,3.30810572943063
703,3.38506003459028
704,3.26962857685081
705,3.20549998921777
706,3.26962857685081
707,3.19267427169116
708,3.15419711911134
709,3.09006853147829
710,2.97463707373882
711,2.936159921159
712,3.07724281395169
713,3.1028942490049
714,3.15419711911134
715,3.19267427169116
716,3.33375716448385
717,3.01311422631865
718,2.6683554806076
719,2.84997023473124
720,2.6683554806076
721,2.96181135621221
722,3.00028850879204
723,2.96181135621221
724,3.09006853147829
725,2.96181135621221
726,3.06441709642508
727,2.936159921159
728,3.07724281395169
729,3.19267427169116
730,2.9489856386856
731,2.96181135621221
732,2.84997023473124
733,3.06441709642508
734,2.98746279126543
735,2.96181135621221
736,3.03876566137186
737,3.11571996653151
738,3.11571996653151
739,2.936159921159
740,2.97463707373882
741,3.17984855416455
742,3.16702283663794
743,3.06441709642508
744,3.15419711911134
745,3.26962857685081
746,3.24397714179759
747,3.03876566137186
748,3.19267427169116
749,3.11571996653151
750,3.16702283663794
751,3.33375716448385
752,3.23115142427099
753,3.43636290469672
754,3.35940859953707
755,3.32093144695724
756,3.4107114696435
757,3.44918862222333
758,3.2568028593242
759,3.37223431706368
760,3.39788575211689
761,3.55179436243619
762,3.58075187235047
763,3.42353718717011
764,3.35940859953707
765,3.50049149232976
766,3.53896864490958
767,3.37223431706368
768,3.44918862222333
769,3.52614292738297
770,3.38506003459028
771,3.37223431706368
772,3.35940859953707
773,3.34658288201046
774,3.34658288201046
775,3.29528001190403
776,3.32093144695724
777,3.16702283663794
778,3.91797150817913
779,3.78572851373652
780,3.80225888804184
781,3.86507431040208
782,3.93119580762339
783,3.82870748693037
784,3.90805328359593
785,3.92458365790126
786,3.8154831874861
787,3.78242243887545
788,4.07666310151026
789,4.18184598967729
790,3.93450188248445
791,3.95433833165084
792,3.82209533720823
793,3.91466543331806
794,3.86838038526315
795,4.06674487692706
796,4.10311170039878
797,4.05682665234387
798,4.04690842776067
799,3.98078693053936
800,4.12625422442624
801,4.24292285242142
802,4.08327525123239
803,4.04690842776067
804,4.10311170039878
805,4.20340252946933
806,4.22945001505139
807,4.22136631262937
808,4.21328261020735
809,4.22495906926138
810,4.20160615115333
811,4.24651560905343
812,4.24382104157942
813,4.29501782358553
814,4.25100655484344
815,4.19442063788931
816,4.24382104157942
817,4.2330427716834
818,4.22226450178737
819,4.22316269094537
820,4.2330427716834
821,4.25190474400144
822,4.20789347525934
823,4.22495906926138
824,4.24382104157942
825,4.26897033800348
826,4.22406088010338
827,4.15931497303689
828,4.22945001505139
829,4.13286637414837
830,4.22585725841938
831,4.22136631262937
832,4.24471923073742
833,4.22046812347137
834,4.22226450178737
835,4.24921017652743
836,4.20699528610134
837,4.11633599984304
838,3.759279914848
839,3.72621916623734
840,3.71299486679308
841,3.69315841762669
842,3.67001589359923
843,3.6733219684603
844,3.7394434656816
845,3.72291309137628
846,3.66009766901604
847,3.72952524109841
848,3.84854393609676
849,4.00723552942789
850,3.759279914848
851,3.75597383998693
852,3.80887103776397
853,3.76919813943119
854,3.78242243887545
855,3.83201356179143
856,3.85846216067995
857,3.83201356179143
858,3.83201356179143
859,3.82209533720823
860,3.84854393609676
861,4.06674487692706
862,3.88160468470741
863,3.8915229092906
864,3.93450188248445
865,4.00723552942789
866,3.91797150817913
867,3.99731730484469
868,3.9873990802615
869,4.03368412831641
870,4.00062337970575
871,4.06013272720493
872,4.11633599984304
873,4.20879166441734
874,4.08988740095452
875,4.03037805345534
876,4.07996917637132
877,4.10972385012091
878,4.05021450262173
879,4.063438802066
880,3.99731730484469
881,4.0436023528996
882,3.95103225678978
883,4.01384767915002
884,4.06013272720493
885,4.20519890778534
886,4.0436023528996
887,3.94772618192871
888,4.07335702664919
889,4.01054160428895
890,4.06013272720493
891,4.05021450262173
892,4.18274417883529
893,4.13617244900943
894,4.01384767915002
895,4.09319347581558
896,4.11302992498197
897,3.89482898415167
898,2.98746279126543
899,2.84997023473124
900,3.02593994384525
901,3.05159137889847
902,3.03876566137186
903,2.936159921159
904,2.9489856386856
905,3.05159137889847
906,2.78943198335669
907,2.98746279126543
908,3.16702283663794
909,3.17984855416455
910,3.00028850879204
911,3.01311422631865
912,3.05159137889847
913,3.1028942490049
914,3.02593994384525
915,2.97463707373882
916,3.02593994384525
917,3.12854568405812
918,2.92333420363239
919,3.14137140158473
920,3.11571996653151
921,3.24397714179759
922,3.00028850879204
923,2.98746279126543
924,3.14137140158473
925,3.30810572943063
926,3.30810572943063
927,3.38506003459028
928,3.33375716448385
929,3.39788575211689
930,3.23115142427099
931,3.21832570674438
932,3.33375716448385
933,3.60389439637793
934,3.47484005727654
935,3.43636290469672
936,3.48766577480315
937,3.33375716448385
938,3.44918862222333
939,3.29528001190403
940,3.29528001190403
941,3.37223431706368
942,3.2568028593242
943,3.21832570674438
944,3.23115142427099
945,3.50049149232976
946,3.16702283663794
947,3.20549998921777
948,3.28245429437742
949,3.34658288201046
950,3.07724281395169
951,3.29528001190403
952,3.23115142427099
953,3.20549998921777
954,3.29528001190403
955,3.15419711911134
956,3.44918862222333
957,3.09006853147829
958,3.06441709642508
959,3.03876566137186
960,3.00028850879204
961,3.06441709642508
962,3.05159137889847
963,2.98746279126543
964,2.98746279126543
965,3.01311422631865
966,2.9489856386856
967,2.97463707373882
968,3.06441709642508
969,3.06441709642508
970,3.07724281395169
971,2.72889373198215
972,3.02593994384525
973,2.92333420363239
974,3.14137140158473
975,3.15419711911134
976,3.09006853147829
977,3.09006853147829
978,3.05159137889847
979,3.03876566137186
980,3.09006853147829
981,3.23115142427099
982,3.06441709642508
983,3.06441709642508
984,3.15419711911134
985,3.12854568405812
986,3.19267427169116
987,3.12854568405812
988,3.14137140158473
989,3.32093144695724
990,3.23115142427099
991,3.24397714179759
992,3.19267427169116
993,3.29528001190403
994,3.2568028593242
995,3.12854568405812
996,3.30810572943063
997,3.32093144695724
998,3.16702283663794
999,3.35940859953707
1000,3.19267427169116
1001,3.26962857685081
1002,3.35940859953707
1003,3.4107114696435
1004,3.17984855416455
1005,3.55179436243619
1006,3.33375716448385
1007,3.05159137889847
1008,3.20549998921777
1009,3.2568028593242
1010,3.23115142427099
1011,3.26962857685081
1012,3.26962857685081
1013,3.2568028593242
1014,3.24397714179759
1015,3.23115142427099
1016,3.37223431706368
1017,3.15419711911134
1018,3.64026121984965
1019,3.5972822466558
1020,3.65017944443284
1021,3.59397617179473
1022,3.64687336957178
1023,3.61381262096112
1024,3.65679159415497
1025,3.5646200799628
1026,3.60058832151686
1027,3.34658288201046
1028,3.60389439637793
1029,3.63695514498858
1030,3.46201433974993
1031,3.2568028593242
1032,3.48766577480315
1033,3.57744579748941
1034,3.4107114696435
1035,3.5873640220726
1036,3.48766577480315
1037,3.51331720985637
1038,3.42353718717011
1039,3.63364907012752
1040,3.65017944443284
1041,3.72621916623734
1042,3.65017944443284
1043,3.60720047123899
1044,3.62373084554432
1045,3.69646449248776
1046,3.72621916623734
1047,3.70307664220989
1048,3.69977056734882
1049,3.69315841762669
1050,3.72621916623734
1051,3.73283131595947
1052,3.81217711262504
1053,3.85515608581889
1054,3.8254014120693
1055,3.69646449248776
1056,3.86507431040208
1057,3.83201356179143
1058,3.85185001095782
1059,3.9014411338738
1060,3.78903458859758
1061,3.7394434656816
1062,3.85185001095782
1063,3.83201356179143
1064,3.86176823554102
1065,3.89813505901273
1066,3.8154831874861
1067,3.75597383998693
1068,3.8353196366525
1069,3.88491075956847
1070,3.79564673831971
1071,3.81217711262504
1072,3.78242243887545
1073,3.7493616902648
1074,3.78572851373652
1075,3.85515608581889
1076,3.75266776512586
1077,3.69977056734882
1078,3.44918862222333
1079,3.32093144695724
1080,3.21832570674438
1081,3.33375716448385
1082,3.4107114696435
1083,3.35940859953707
1084,3.30810572943063
1085,3.20549998921777
1086,3.2568028593242
1087,3.38506003459028
1088,3.47484005727654
1089,3.59067009693367
1090,3.34658288201046
1091,3.60389439637793
1092,3.61711869582219
1093,3.52614292738297
1094,3.58075187235047
1095,3.5972822466558
1096,3.63364907012752
1097,3.5646200799628
1098,3.47484005727654
1099,3.58075187235047
1100,3.58075187235047
1101,3.64026121984965
1102,3.60720047123899
1103,3.29528001190403
1104,3.61711869582219
1105,3.63364907012752
1106,3.60058832151686
1107,3.66009766901604
1108,3.61711869582219
1109,3.63364907012752
1110,3.5873640220726
1111,3.60720047123899
1112,3.64356729471071
1113,3.65348551929391
1114,3.62042477068326
1115,3.64687336957178
1116,3.7394434656816
1117,3.7394434656816
1118,3.67001589359923
1119,3.68985234276562
1120,3.65679159415497
1121,3.69315841762669
1122,3.64356729471071
1123,3.5873640220726
1124,3.59397617179473
1125,3.65348551929391
1126,3.63364907012752
1127,3.46201433974993
1128,3.63364907012752
1129,3.64356729471071
1130,3.66009766901604
1131,3.66009766901604
1132,3.62373084554432
1133,3.70968879193202
1134,3.72291309137628
1135,3.67001589359923
1136,3.63695514498858
1137,3.65348551929391
1138,3.01311422631865
1139,2.91050848610578
1140,2.9489856386856
1141,2.98746279126543
1142,3.11571996653151
1143,2.84997023473124
1144,2.9489856386856
1145,2.96181135621221
1146,2.9489856386856
1147,2.97463707373882
1148,3.05159137889847
1149,3.09006853147829
1150,2.84997023473124
1151,2.92333420363239
1152,2.84997023473124
1153,2.98746279126543
1154,2.9489856386856
1155,2.936159921159
1156,2.9489856386856
1157,2.9489856386856
1158,2.78943198335669
1159,2.91050848610578
1160,2.91050848610578
1161,3.06441709642508
1162,2.96181135621221
1163,2.92333420363239
1164,2.98746279126543
1165,2.9489856386856
1166,3.01311422631865
1167,3.06441709642508
1168,2.6683554806076
1169,2.72889373198215
1170,2.9489856386856
1171,2.72889373198215
1172,2.98746279126543
1173,2.96181135621221
1174,3.03876566137186
1175,2.78943198335669
1176,3.02593994384525
1177,3.07724281395169
1178,3.2568028593242
1179,3.09006853147829
1180,3.01311422631865
1181,3.05159137889847
1182,2.9489856386856
1183,3.02593994384525
1184,2.98746279126543
1185,3.09006853147829
1186,3.00028850879204
1187,2.92333420363239
1188,2.78943198335669
1189,2.98746279126543
1190,2.9489856386856
1191,2.96181135621221
1192,2.84997023473124
1193,3.06441709642508
1194,2.98746279126543
1195,2.84997023473124
1196,2.91050848610578
1197,2.96181135621221
1198,3.60389439637793
1199,3.58075187235047
1200,3.60058832151686
1201,3.5873640220726
1202,3.50049149232976
1203,3.46201433974993
1204,3.65017944443284
1205,3.63364907012752
1206,3.55179436243619
1207,3.50049149232976
1208,3.5972822466558
1209,3.61050654610006
1210,3.63034299526645
1211,3.5646200799628
1212,3.60058832151686
1213,3.60389439637793
1214,3.64026121984965
1215,3.62373084554432
1216,3.61711869582219
1217,3.61381262096112
1218,3.65348551929391
1219,3.6733219684603
1220,3.6733219684603
1221,3.67001589359923
1222,3.68324019304349
1223,3.68654626790456
1224,3.65348551929391
1225,3.69977056734882
1226,3.78903458859758
1227,3.78572851373652
1228,3.81878926234717
1229,3.77250421429226
1230,3.77250421429226
1231,3.82870748693037
1232,3.73283131595947
1233,3.95764440651191
1234,3.78242243887545
1235,3.70968879193202
1236,3.78242243887545
1237,3.77581028915332
1238,3.78903458859758
1239,3.82209533720823
1240,3.78572851373652
1241,3.73613739082054
1242,3.73283131595947
1243,3.81217711262504
1244,3.76919813943119
1245,3.87168646012421
1246,3.78572851373652
1247,3.72621916623734
1248,3.76258598970906
1249,3.75597383998693
1250,3.76258598970906
1251,3.77250421429226
1252,3.75266776512586
1253,3.70307664220989
1254,3.71299486679308
1255,3.7493616902648
1256,3.71630094165415
1257,3.6733219684603
1258,3.72952524109841
1259,3.6733219684603
1260,3.71630094165415
1261,3.67993411818243
1262,3.65017944443284
1263,3.68324019304349
1264,3.7493616902648
1265,3.69315841762669
1266,3.6733219684603
1267,3.72291309137628
1268,3.79895281318078
1269,3.8915229092906
1270,3.69646449248776
1271,3.63695514498858
1272,3.7394434656816
1273,3.73283131595947
1274,3.72621916623734
1275,3.79234066345865
1276,3.8154831874861
1277,3.77581028915332
1278,3.76258598970906
1279,3.75597383998693
1280,3.85515608581889
1281,3.9774808556783
1282,3.81217711262504
1283,3.79564673831971
1284,3.86838038526315
1285,3.9014411338738
1286,4.063438802066
1287,3.95103225678978
1288,3.89482898415167
1289,4.00392945456682
1290,3.95103225678978
1291,3.95433833165084
1292,4.08988740095452
1293,4.06013272720493
1294,3.9873990802615
1295,3.85185001095782
1296,4.01384767915002
1297,3.91797150817913
1298,3.91797150817913
1299,3.94111403220658
1300,3.85846216067995
1301,3.88491075956847
1302,3.91797150817913
1303,3.88491075956847
1304,3.94442010706765
1305,4.01384767915002
1306,3.92788973276232
1307,3.83201356179143
1308,3.93450188248445
1309,3.88160468470741
1310,3.88491075956847
1311,3.92788973276232
1312,3.9774808556783
1313,3.93119580762339
1314,4.00392945456682
1315,3.98409300540043
1316,3.93780795734552
1317,3.68324019304349
1318,3.78572851373652
1319,3.72621916623734
1320,3.76258598970906
1321,3.79564673831971
1322,3.77250421429226
1323,3.75597383998693
1324,3.88160468470741
1325,3.88491075956847
1326,3.80887103776397
1327,3.92788973276232
1328,3.9675626310951
1329,3.99070515512256
1330,3.90805328359593
1331,3.78242243887545
1332,3.92458365790126
1333,3.85515608581889
1334,3.87168646012421
1335,3.80225888804184
1336,3.91466543331806
1337,3.92788973276232
1338,3.84193178637463
1339,3.911359358457
1340,3.95433833165084
1341,4.14278459873156
1342,3.95103225678978
1343,3.79895281318078
1344,3.90805328359593
1345,4.06013272720493
1346,4.10641777525984
1347,4.07335702664919
1348,4.10311170039878
1349,4.06013272720493
1350,4.19262425957331
1351,4.10311170039878
1352,4.16592712275902
1353,4.20789347525934
1354,4.14278459873156
1355,4.09649955067665
1356,4.20519890778534
1357,4.1394785238705
1358,4.13617244900943
1359,4.18633693546729
1360,4.10972385012091
1361,4.14939674845369
1362,4.0535205774828
1363,4.04690842776067
1364,4.14939674845369
1365,4.19442063788931
1366,4.16262104789795
1367,4.04690842776067
1368,4.19531882704732
1369,4.14939674845369
1370,4.19621701620532
1371,4.1881333137833
1372,4.18004961136128
1373,4.1917260704153
1374,3.9774808556783
1375,4.07666310151026
1376,4.16592712275902
1377,4.07666310151026
1378,3.58075187235047
1379,3.52614292738297
1380,3.59067009693367
1381,3.5972822466558
1382,3.63364907012752
1383,3.53896864490958
1384,3.60389439637793
1385,3.61050654610006
1386,3.59397617179473
1387,3.65679159415497
1388,3.63034299526645
1389,3.71960701651521
1390,3.58075187235047
1391,3.53896864490958
1392,3.63695514498858
1393,3.53896864490958
1394,3.58405794721154
1395,3.64026121984965
1396,3.65679159415497
1397,3.6634037438771
1398,3.61050654610006
1399,3.71630094165415
1400,3.59397617179473
1401,3.77581028915332
1402,3.67001589359923
1403,3.68654626790456
1404,3.74274954054267
1405,3.83862571151356
1406,3.82870748693037
1407,3.759279914848
1408,3.84193178637463
1409,3.88491075956847
1410,3.77581028915332
1411,3.86176823554102
1412,3.8254014120693
1413,3.85515608581889
1414,3.7493616902648
1415,3.7394434656816
1416,3.88160468470741
1417,3.92127758304019
1418,3.88160468470741
1419,3.8353196366525
1420,3.74274954054267
1421,3.77911636401439
1422,3.78903458859758
1423,3.78903458859758
1424,3.83862571151356
1425,3.86838038526315
1426,3.759279914848
1427,3.77581028915332
1428,3.85515608581889
1429,3.80225888804184
1430,3.72952524109841
1431,3.85846216067995
1432,3.77911636401439
1433,3.92127758304019
1434,3.88491075956847
1435,3.82870748693037
1436,3.79895281318078
1437,3.71299486679308
1438,3.12854568405812
1439,3.02593994384525
1440,3.16702283663794
1441,2.98746279126543
1442,3.15419711911134
1443,3.09006853147829
1444,3.24397714179759
1445,3.19267427169116
1446,3.17984855416455
1447,3.09006853147829
1448,3.16702283663794
1449,3.17984855416455
1450,3.06441709642508
1451,3.03876566137186
1452,3.11571996653151
1453,3.19267427169116
1454,3.14137140158473
1455,3.15419711911134
1456,3.17984855416455
1457,3.09006853147829
1458,3.14137140158473
1459,2.98746279126543
1460,3.21832570674438
1461,3.2568028593242
1462,3.19267427169116
1463,3.02593994384525
1464,3.07724281395169
1465,3.16702283663794
1466,3.38506003459028
1467,3.39788575211689
1468,3.5972822466558
1469,3.47484005727654
1470,3.48766577480315
1471,3.2568028593242
1472,3.35940859953707
1473,3.50049149232976
1474,3.43636290469672
1475,3.33375716448385
1476,3.44918862222333
1477,3.24397714179759
1478,3.53896864490958
1479,3.47484005727654
1480,3.5972822466558
1481,3.60389439637793
1482,3.53896864490958
1483,3.53896864490958
1484,3.53896864490958
1485,3.52614292738297
1486,3.35940859953707
1487,3.39788575211689
1488,3.35940859953707
1489,3.44918862222333
1490,3.29528001190403
1491,3.38506003459028
1492,3.46201433974993
1493,3.42353718717011
1494,3.34658288201046
1495,3.53896864490958
1496,3.38506003459028
1497,3.53896864490958
1498,3.30810572943063
1499,3.12854568405812
1500,3.24397714179759
1501,3.19267427169116
1502,3.24397714179759
1503,3.16702283663794
1504,3.29528001190403
1505,3.20549998921777
1506,3.12854568405812
1507,3.32093144695724
1508,3.34658288201046
1509,3.46201433974993
1510,3.32093144695724
1511,3.09006853147829
1512,3.42353718717011
1513,3.26962857685081
1514,3.35940859953707
1515,3.29528001190403
1516,3.32093144695724
1517,3.33375716448385
1518,3.29528001190403
1519,3.32093144695724
1520,3.42353718717011
1521,3.59397617179473
1522,3.33375716448385
1523,3.44918862222333
1524,3.35940859953707
1525,3.39788575211689
1526,3.48766577480315
1527,3.55179436243619
1528,3.5646200799628
1529,3.51331720985637
1530,3.55179436243619
1531,3.63034299526645
1532,3.62703692040539
1533,3.67662804332136
1534,3.46201433974993
1535,3.59397617179473
1536,3.5646200799628
1537,3.61050654610006
1538,3.58405794721154
1539,3.5972822466558
1540,3.47484005727654
1541,3.44918862222333
1542,3.62042477068326
1543,3.60058832151686
1544,3.63364907012752
1545,3.63695514498858
1546,3.65679159415497
1547,3.63034299526645
1548,3.53896864490958
1549,3.51331720985637
1550,3.4107114696435
1551,3.61050654610006
1552,3.62373084554432
1553,3.63364907012752
1554,3.53896864490958
1555,3.59397617179473
1556,3.57744579748941
1557,3.2568028593242
1558,2.36566422373489
1559,2.30512597236034
1560,2.30512597236034
1561,2.36566422373489
1562,2.36566422373489
1563,2.36566422373489
1564,2.36566422373489
1565,2.42620247510943
1566,2.42620247510943
1567,2.2445877209858
1568,2.30512597236034
1569,2.84997023473124
1570,2.36566422373489
1571,2.2445877209858
1572,2.36566422373489
1573,2.36566422373489
1574,2.30512597236034
1575,2.48674072648397
1576,2.48674072648397
1577,2.48674072648397
1578,2.2445877209858
1579,2.60781722923306
1580,2.30512597236034
1581,2.6683554806076
1582,2.72889373198215
1583,2.54727897785852
1584,2.42620247510943
1585,2.54727897785852
1586,2.36566422373489
1587,2.36566422373489
1588,2.36566422373489
1589,2.36566422373489
1590,2.18404946961126
1591,2.60781722923306
1592,2.54727897785852
1593,2.42620247510943
1594,2.48674072648397
1595,2.78943198335669
1596,2.48674072648397
1597,2.2445877209858
1598,2.9489856386856
1599,2.36566422373489
1600,2.6683554806076
1601,2.48674072648397
1602,2.36566422373489
1603,2.36566422373489
1604,2.54727897785852
1605,2.42620247510943
1606,2.2445877209858
1607,2.36566422373489
1608,2.72889373198215
1609,2.78943198335669
1610,2.54727897785852
1611,2.54727897785852
1612,2.48674072648397
1613,2.30512597236034
1614,2.30512597236034
1615,2.2445877209858
1616,2.54727897785852
1617,3.4107114696435
1618,3.28245429437742
1619,3.30810572943063
1620,3.47484005727654
1621,3.23115142427099
1622,3.33375716448385
1623,3.46201433974993
1624,3.58075187235047
1625,3.32093144695724
1626,3.24397714179759
1627,3.43636290469672
1628,3.5873640220726
1629,3.58075187235047
1630,3.24397714179759
1631,3.4107114696435
1632,3.43636290469672
1633,3.47484005727654
1634,3.58405794721154
1635,3.44918862222333
1636,3.50049149232976
1637,3.53896864490958
1638,3.44918862222333
1639,3.51331720985637
1640,3.64026121984965
1641,3.58075187235047
1642,3.50049149232976
1643,3.61050654610006
1644,3.59067009693367
1645,3.61381262096112
1646,3.63034299526645
1647,3.62042477068326
1648,3.51331720985637
1649,3.59397617179473
1650,3.46201433974993
1651,3.59397617179473
1652,3.50049149232976
1653,3.52614292738297
1654,3.46201433974993
1655,3.63034299526645
1656,3.61050654610006
1657,3.53896864490958
1658,3.5972822466558
1659,3.44918862222333
1660,3.62042477068326
1661,3.33375716448385
1662,3.58075187235047
1663,3.5646200799628
1664,3.59397617179473
1665,3.52614292738297
1666,3.61381262096112
1667,3.68324019304349
1668,3.60058832151686
1669,3.52614292738297
1670,3.52614292738297
1671,3.63364907012752
1672,3.58405794721154
1673,3.59397617179473
1674,3.58075187235047
1675,3.61381262096112
1676,3.48766577480315
1677,3.16702283663794
1678,3.11571996653151
1679,3.11571996653151
1680,3.14137140158473
1681,3.16702283663794
1682,3.1028942490049
1683,3.33375716448385
1684,3.34658288201046
1685,3.17984855416455
1686,3.21832570674438
1687,3.23115142427099
1688,3.38506003459028
1689,3.42353718717011
1690,3.16702283663794
1691,3.28245429437742
1692,3.15419711911134
1693,3.24397714179759
1694,3.32093144695724
1695,3.47484005727654
1696,3.38506003459028
1697,3.26962857685081
1698,3.39788575211689
1699,3.35940859953707
1700,3.5873640220726
1701,3.59397617179473
1702,3.59067009693367
1703,3.4107114696435
1704,3.55179436243619
1705,3.58405794721154
1706,3.64356729471071
1707,3.60389439637793
1708,3.65679159415497
1709,3.62703692040539
1710,3.61050654610006
1711,3.5873640220726
1712,3.62042477068326
1713,3.72291309137628
1714,3.61711869582219
1715,3.68654626790456
1716,3.63364907012752
1717,3.64026121984965
1718,3.64687336957178
1719,3.64356729471071
1720,3.64356729471071
1721,3.64687336957178
1722,3.67993411818243
1723,3.69646449248776
1724,3.69977056734882
1725,3.62042477068326
1726,3.63364907012752
1727,3.61711869582219
1728,3.66009766901604
1729,3.59067009693367
1730,3.64687336957178
1731,3.67993411818243
1732,3.62042477068326
1733,3.60058832151686
1734,3.5972822466558
1735,3.62042477068326
1736,3.62703692040539
1737,2.96181135621221
1738,2.96181135621221
1739,2.98746279126543
1740,2.84997023473124
1741,3.16702283663794
1742,3.02593994384525
1743,2.9489856386856
1744,3.06441709642508
1745,3.00028850879204
1746,2.97463707373882
1747,3.11571996653151
1748,3.35940859953707
1749,3.17984855416455
1750,3.07724281395169
1751,3.05159137889847
1752,3.14137140158473
1753,3.15419711911134
1754,3.19267427169116
1755,3.29528001190403
1756,3.20549998921777
1757,3.16702283663794
1758,3.15419711911134
1759,3.2568028593242
1760,3.38506003459028
1761,3.21832570674438
1762,3.11571996653151
1763,3.26962857685081
1764,3.28245429437742
1765,3.32093144695724
1766,3.23115142427099
1767,3.17984855416455
1768,3.37223431706368
1769,3.30810572943063
1770,3.48766577480315
1771,3.29528001190403
1772,3.58075187235047
1773,3.33375716448385
1774,3.2568028593242
1775,3.29528001190403
1776,3.28245429437742
1777,3.33375716448385
1778,3.43636290469672
1779,3.50049149232976
1780,3.55179436243619
1781,3.53896864490958
1782,3.35940859953707
1783,3.42353718717011
1784,3.60389439637793
1785,3.51331720985637
1786,3.37223431706368
1787,3.48766577480315
1788,3.58075187235047
1789,3.32093144695724
1790,3.30810572943063
1791,3.42353718717011
1792,3.47484005727654
1793,3.29528001190403
1794,3.30810572943063
1795,3.32093144695724
1796,3.38506003459028
1797,3.6733219684603
1798,3.66009766901604
1799,3.6634037438771
1800,3.67993411818243
1801,3.74605561540373
1802,3.69315841762669
1803,3.7493616902648
1804,3.68324019304349
1805,3.77250421429226
1806,3.73283131595947
1807,3.74274954054267
1808,3.86507431040208
1809,3.8254014120693
1810,3.7493616902648
1811,3.76589206457013
1812,3.71299486679308
1813,3.75266776512586
1814,3.80887103776397
1815,3.84854393609676
1816,3.77581028915332
1817,3.81217711262504
1818,3.76258598970906
1819,3.88821683442954
1820,4.05021450262173
1821,3.80225888804184
1822,3.72952524109841
1823,3.78903458859758
1824,3.82870748693037
1825,3.95103225678978
1826,3.99401122998363
1827,3.93780795734552
1828,3.99401122998363
1829,3.87499253498528
1830,4.02707197859428
1831,4.00392945456682
1832,4.1295602992873
1833,3.99731730484469
1834,3.93119580762339
1835,4.04690842776067
1836,4.02045982887215
1837,3.96425655623404
1838,3.99731730484469
1839,3.95433833165084
1840,4.01054160428895
1841,3.96425655623404
1842,3.94111403220658
1843,4.04690842776067
1844,4.08988740095452
1845,3.92788973276232
1846,3.83862571151356
1847,3.88821683442954
1848,3.93119580762339
1849,3.89813505901273
1850,3.87168646012421
1851,3.96095048137297
1852,3.93450188248445
1853,3.96095048137297
1854,3.99401122998363
1855,3.97086870595617
1856,3.98409300540043
1857,2.98746279126543
1858,2.54727897785852
1859,2.91050848610578
1860,2.9489856386856
1861,3.01311422631865
1862,2.936159921159
1863,2.96181135621221
1864,2.936159921159
1865,2.6683554806076
1866,2.9489856386856
1867,3.00028850879204
1868,2.9489856386856
1869,3.07724281395169
1870,2.936159921159
1871,2.48674072648397
1872,2.97463707373882
1873,3.00028850879204
1874,2.92333420363239
1875,2.84997023473124
1876,2.9489856386856
1877,3.07724281395169
1878,3.1028942490049
1879,3.14137140158473
1880,3.12854568405812
1881,3.05159137889847
1882,3.01311422631865
1883,3.28245429437742
1884,3.07724281395169
1885,3.28245429437742
1886,3.21832570674438
1887,3.28245429437742
1888,2.98746279126543
1889,2.97463707373882
1890,3.06441709642508
1891,3.11571996653151
1892,3.05159137889847
1893,3.02593994384525
1894,3.03876566137186
1895,3.06441709642508
1896,3.23115142427099
1897,3.17984855416455
1898,3.06441709642508
1899,2.98746279126543
1900,3.03876566137186
1901,3.06441709642508
1902,3.1028942490049
1903,2.9489856386856
1904,2.84997023473124
1905,2.96181135621221
1906,3.00028850879204
1907,2.9489856386856
1908,2.9489856386856
1909,3.06441709642508
1910,2.84997023473124
1911,3.21832570674438
1912,3.17984855416455
1913,3.11571996653151
1914,3.1028942490049
1915,3.01311422631865
1916,2.6683554806076
1917,4.1394785238705
1918,3.94772618192871
1919,3.94772618192871
1920,4.01054160428895
1921,4.06674487692706
1922,3.98409300540043
1923,4.1196420747041
1924,4.14939674845369
1925,4.02045982887215
1926,4.16262104789795
1927,4.18274417883529
1928,4.25639568979145
1929,4.19801339452132
1930,4.1295602992873
1931,4.1881333137833
1932,4.1881333137833
1933,4.18274417883529
1934,4.19621701620532
1935,4.2366355283154
1936,4.20160615115333
1937,4.2357373391574
1938,4.22495906926138
1939,4.22675544757738
1940,4.30399971516555
1941,4.25729387894945
1942,4.22855182589339
1943,4.22136631262937
1944,4.26268301389746
1945,4.31926893085159
1946,4.31477798506158
1947,4.30938885011357
1948,4.31926893085159
1949,4.29771239105954
1950,4.3255562549576
1951,4.36058563211968
1952,4.40908784665179
1953,4.38393855022773
1954,4.31028703927157
1955,4.34890917306565
1956,4.34082547064363
1957,4.33363995737962
1958,4.3246580657996
1959,4.30849066095556
1960,4.34172365980163
1961,4.32016712000959
1962,4.34441822727564
1963,4.38663311770173
1964,4.47106289855392
1965,4.34621460559164
1966,4.28513774284751
1967,4.29950876937554
1968,4.29950876937554
1969,4.31567617421958
1970,4.34890917306565
1971,4.35699287548767
1972,4.38214217191172
1973,4.31028703927157
1974,4.35070555138166
1975,4.34172365980163
1976,4.2788504187415
1977,3.84193178637463
1978,3.79234066345865
1979,3.85185001095782
1980,3.79564673831971
1981,3.84193178637463
1982,3.83862571151356
1983,3.97417478081723
1984,3.97086870595617
1985,3.90474720873486
1986,3.94442010706765
1987,3.98409300540043
1988,4.15600889817582
1989,3.94772618192871
1990,3.92458365790126
1991,3.99731730484469
1992,4.03699020317747
1993,3.9873990802615
1994,4.02376590373321
1995,4.09649955067665
1996,4.14939674845369
1997,4.08658132609345
1998,4.15600889817582
1999,4.19442063788931
2000,4.24382104157942
2001,4.08988740095452
2002,4.18274417883529
2003,4.1872351246253
2004,4.18274417883529
2005,4.21867174515537
2006,4.22855182589339
2007,4.21418079936536
2008,4.21418079936536
2009,4.21328261020735
2010,4.22046812347137
2011,4.21956993431337
2012,4.22855182589339
2013,4.22136631262937
2014,4.19621701620532
2015,4.22945001505139
2016,4.20609709694334
2017,4.21058804273335
2018,4.22046812347137
2019,4.2348391499994
2020,4.23124639336739
2021,4.19711520536332
2022,4.23933009578941
2023,4.22046812347137
2024,4.24741379821143
2025,4.20160615115333
2026,4.17584534734221
2027,4.19711520536332
2028,4.20340252946933
2029,4.22046812347137
2030,4.1881333137833
2031,4.24292285242142
2032,4.24741379821143
2033,4.22406088010338
2034,4.23034820420939
2035,4.21867174515537
2036,4.14939674845369
2037,2.12351121823671
2038,2.18404946961126
2039,2.36566422373489
2040,2.18404946961126
2041,2.18404946961126
2042,2.2445877209858
2043,2.12351121823671
2044,2.2445877209858
2045,2.2445877209858
2046,2.2445877209858
2047,2.12351121823671
2048,2.18404946961126
2049,2.2445877209858
2050,2.18404946961126
2051,3.9873990802615
2052,3.93450188248445
2053,4.04029627803854
2054,3.93119580762339
2055,3.93450188248445
2056,3.87499253498528
2057,3.93780795734552
2058,3.94442010706765
2059,3.9675626310951
2060,3.97086870595617
2061,4.13617244900943
2062,4.21418079936536
2063,4.05682665234387
2064,4.0436023528996
2065,4.07996917637132
2066,4.05021450262173
2067,4.05682665234387
2068,4.03699020317747
2069,4.07335702664919
2070,4.10641777525984
2071,3.9675626310951
2072,4.07005095178813
2073,4.17584534734221
2074,4.25190474400144
2075,4.14609067359263
2076,4.10641777525984
2077,4.063438802066
2078,4.1899296920993
2079,4.21956993431337
2080,4.20699528610134
2081,4.24202466326341
2082,4.23843190663141
2083,4.22406088010338
2084,4.23214458252539
2085,4.27256309463548
2086,4.32196349832559
2087,4.26807214884547
2088,4.24202466326341
2089,4.34262184895964
2090,4.29232325611153
2091,4.30938885011357
2092,4.28423955368951
2093,4.28423955368951
2094,4.28513774284751
2095,4.29052687779552
2096,4.25549750063345
2097,4.31477798506158
2098,4.33723271401163
2099,4.2815449862155
2100,4.21238442104935
2101,4.29861058021754
2102,4.29861058021754
2103,4.30040695853355
2104,4.29411963442753
2105,4.33363995737962
2106,4.30130514769155
2107,4.30669428263956
2108,4.31118522842957
2109,4.32016712000959
2110,4.25370112231744
2111,3.14137140158473
2112,3.16702283663794
2113,3.00028850879204
2114,3.23115142427099
2115,3.16702283663794
2116,3.23115142427099
2117,3.21832570674438
2118,3.42353718717011
2119,3.19267427169116
2120,3.42353718717011
2121,3.32093144695724
2122,3.48766577480315
2123,3.42353718717011
2124,3.28245429437742
2125,3.46201433974993
2126,3.44918862222333
2127,3.16702283663794
2128,3.4107114696435
2129,3.50049149232976
2130,3.21832570674438
2131,3.35940859953707
2132,3.35940859953707
2133,3.68324019304349
2134,3.64026121984965
2135,3.62703692040539
2136,3.4107114696435
2137,3.60058832151686
2138,3.67001589359923
2139,3.72291309137628
2140,3.67662804332136
2141,3.69977056734882
2142,3.63034299526645
2143,3.5873640220726
2144,3.5873640220726
2145,3.61381262096112
2146,3.75597383998693
2147,3.62703692040539
2148,3.5646200799628
2149,3.64026121984965
2150,3.67993411818243
2151,3.66009766901604
2152,3.5972822466558
2153,3.5972822466558
2154,3.68985234276562
2155,3.66009766901604
2156,3.69977056734882
2157,3.67662804332136
2158,3.70638271707095
2159,3.61711869582219
2160,3.53896864490958
2161,3.63364907012752
2162,3.62703692040539
2163,3.63364907012752
2164,3.69315841762669
2165,3.70638271707095
2166,3.61381262096112
2167,3.59397617179473
2168,3.63364907012752
2169,3.63364907012752
2170,3.59067009693367
2171,3.67001589359923
2172,3.65348551929391
2173,3.68654626790456
2174,3.67993411818243
2175,3.74605561540373
2176,3.67662804332136
2177,3.71630094165415
2178,3.71299486679308
2179,3.62703692040539
2180,3.70968879193202
2181,3.81878926234717
2182,3.78903458859758
2183,3.70307664220989
2184,3.65017944443284
2185,3.69315841762669
2186,3.65017944443284
2187,3.69646449248776
2188,3.76919813943119
2189,3.81217711262504
2190,3.87499253498528
2191,3.68654626790456
2192,3.75266776512586
2193,3.70968879193202
2194,3.81878926234717
2195,3.74605561540373
2196,3.70638271707095
2197,3.76589206457013
2198,3.68985234276562
2199,3.8254014120693
2200,3.74605561540373
2201,3.8254014120693
2202,3.78242243887545
2203,3.76919813943119
2204,3.80556496290291
2205,3.911359358457
2206,3.99401122998363
2207,3.88491075956847
2208,3.80225888804184
2209,3.99070515512256
2210,3.87499253498528
2211,3.91466543331806
2212,3.84854393609676
2213,3.82209533720823
2214,3.86507431040208
2215,3.84193178637463
2216,3.8353196366525
2217,3.94772618192871
2218,3.99401122998363
2219,3.91466543331806
2220,3.86507431040208
2221,3.9014411338738
2222,3.84854393609676
2223,3.88160468470741
2224,3.91797150817913
2225,3.98409300540043
2226,3.9675626310951
2227,3.92458365790126
2228,4.0535205774828
2229,4.063438802066
2230,3.8353196366525
2231,4.08658132609345
2232,3.9873990802615
2233,4.04029627803854
2234,4.04029627803854
2235,4.10311170039878
2236,4.08658132609345
2237,4.15270282331476
2238,4.12625422442624
2239,4.07996917637132
2240,4.14278459873156
2241,4.21687536683936
2242,4.23214458252539
2243,4.14939674845369
2244,3.99731730484469
2245,4.14278459873156
2246,4.14278459873156
2247,4.1295602992873
2248,4.09980562553771
2249,4.22406088010338
2250,4.21777355599736
2251,4.19711520536332
2252,4.21867174515537
2253,4.26358120305547
2254,4.29771239105954
2255,4.20789347525934
2256,4.14278459873156
2257,4.24292285242142
2258,4.26897033800348
2259,4.32825082243161
2260,4.30938885011357
2261,4.30489790432356
2262,4.29861058021754
2263,4.27435947295149
2264,4.33543633569562
2265,4.33902909232763
2266,4.39202225264975
2267,4.30669428263956
2268,4.31477798506158
2269,4.39292044180775
2270,4.30399971516555
2271,4.32106530916759
2272,4.38393855022773
2273,4.3264544441156
2274,4.33723271401163
2275,4.30489790432356
2276,4.33453814653762
2277,4.33094538990561
2278,4.41268060328379
2279,4.33992728148563
2280,4.25280293315944
2281,4.2779522295835
2282,4.26447939221347
2283,4.30849066095556
2284,4.33813090316963
2285,4.34711279474965
2286,4.35429830801367
2287,4.31567617421958
2288,4.36597476706769
2289,4.35519649717167
2290,4.24741379821143
2291,2.96181135621221
2292,2.84997023473124
2293,2.92333420363239
2294,2.936159921159
2295,3.07724281395169
2296,2.9489856386856
2297,3.00028850879204
2298,2.97463707373882
2299,2.92333420363239
2300,2.97463707373882
2301,2.96181135621221
2302,3.00028850879204
2303,2.97463707373882
2304,2.9489856386856
2305,2.9489856386856
2306,2.84997023473124
2307,2.97463707373882
2308,2.96181135621221
2309,2.98746279126543
2310,2.78943198335669
2311,2.92333420363239
2312,2.60781722923306
2313,3.01311422631865
2314,3.05159137889847
2315,3.00028850879204
2316,3.1028942490049
2317,3.00028850879204
2318,3.02593994384525
2319,3.06441709642508
2320,3.00028850879204
2321,3.00028850879204
2322,2.98746279126543
2323,3.00028850879204
2324,3.09006853147829
2325,3.19267427169116
2326,3.35940859953707
2327,3.09006853147829
2328,3.01311422631865
2329,3.11571996653151
2330,3.12854568405812
2331,3.16702283663794
2332,3.09006853147829
2333,3.14137140158473
2334,2.97463707373882
2335,3.00028850879204
2336,3.07724281395169
2337,3.11571996653151
2338,3.2568028593242
2339,3.11571996653151
2340,3.09006853147829
2341,3.09006853147829
2342,2.936159921159
2343,3.1028942490049
2344,2.936159921159
2345,3.19267427169116
2346,3.28245429437742
2347,3.20549998921777
2348,3.20549998921777
2349,3.11571996653151
2350,2.92333420363239
2351,3.30810572943063
2352,3.20549998921777
2353,3.33375716448385
2354,3.20549998921777
2355,3.2568028593242
2356,3.32093144695724
2357,3.47484005727654
2358,3.42353718717011
2359,3.2568028593242
2360,3.47484005727654
2361,3.52614292738297
2362,3.57744579748941
2363,3.37223431706368
2364,3.34658288201046
2365,3.5646200799628
2366,3.39788575211689
2367,3.42353718717011
2368,3.50049149232976
2369,3.65017944443284
2370,3.53896864490958
2371,3.65017944443284
2372,3.66670981873817
2373,3.64687336957178
2374,3.68985234276562
2375,3.69646449248776
2376,3.5972822466558
2377,3.66670981873817
2378,3.67001589359923
2379,3.70968879193202
2380,3.72291309137628
2381,3.75266776512586
2382,3.78242243887545
2383,3.74274954054267
2384,3.7493616902648
2385,3.72621916623734
2386,3.759279914848
2387,3.76589206457013
2388,3.68654626790456
2389,3.65348551929391
2390,3.69315841762669
2391,3.66009766901604
2392,3.71299486679308
2393,3.64687336957178
2394,3.68985234276562
2395,3.61381262096112
2396,3.63695514498858
2397,3.67662804332136
2398,3.7493616902648
2399,3.68324019304349
2400,3.61711869582219
2401,3.64687336957178
2402,3.64356729471071
2403,3.70307664220989
2404,3.63364907012752
2405,3.73613739082054
2406,3.68324019304349
2407,3.64687336957178
2408,3.5646200799628
2409,3.60058832151686
2410,3.48766577480315
2411,2.48674072648397
2412,2.84997023473124
2413,2.97463707373882
2414,2.84997023473124
2415,2.72889373198215
2416,2.48674072648397
2417,2.92333420363239
2418,2.48674072648397
2419,2.60781722923306
2420,2.72889373198215
2421,3.01311422631865
2422,2.92333420363239
2423,2.78943198335669
2424,2.54727897785852
2425,2.54727897785852
2426,2.60781722923306
2427,2.91050848610578
2428,2.84997023473124
2429,2.54727897785852
2430,2.60781722923306
2431,2.48674072648397
2432,2.92333420363239
2433,2.9489856386856
2434,2.72889373198215
2435,2.54727897785852
2436,2.60781722923306
2437,2.92333420363239
2438,2.96181135621221
2439,2.91050848610578
2440,3.00028850879204
2441,3.01311422631865
2442,2.60781722923306
2443,2.84997023473124
2444,2.97463707373882
2445,2.98746279126543
2446,2.936159921159
2447,2.72889373198215
2448,2.91050848610578
2449,2.96181135621221
2450,2.92333420363239
2451,3.00028850879204
2452,2.9489856386856
2453,2.97463707373882
2454,3.01311422631865
2455,3.01311422631865
2456,3.05159137889847
2457,3.01311422631865
2458,2.936159921159
2459,2.936159921159
2460,2.9489856386856
2461,2.936159921159
2462,2.96181135621221
2463,2.9489856386856
2464,3.05159137889847
2465,3.01311422631865
2466,2.97463707373882
2467,2.936159921159
2468,2.9489856386856
2469,2.72889373198215
2470,3.64026121984965
2471,3.57744579748941
2472,3.60058832151686
2473,3.44918862222333
2474,3.60720047123899
2475,3.62703692040539
2476,3.64026121984965
2477,3.60720047123899
2478,3.63695514498858
2479,3.63695514498858
2480,3.68324019304349
2481,3.79234066345865
2482,3.68654626790456
2483,3.67993411818243
2484,3.70638271707095
2485,3.64687336957178
2486,3.72291309137628
2487,3.6733219684603
2488,3.68654626790456
2489,3.71960701651521
2490,3.62703692040539
2491,3.71630094165415
2492,3.77581028915332
2493,3.84523786123569
2494,3.74605561540373
2495,3.77911636401439
2496,3.81217711262504
2497,3.87829860984634
2498,3.83862571151356
2499,3.86176823554102
2500,3.90805328359593
2501,3.96095048137297
2502,3.84523786123569
2503,3.9014411338738
2504,3.89813505901273
2505,3.96425655623404
2506,3.92458365790126
2507,3.87168646012421
2508,4.063438802066
2509,3.93780795734552
2510,4.00392945456682
2511,4.02707197859428
2512,3.87168646012421
2513,3.96095048137297
2514,3.9873990802615
2515,3.92127758304019
2516,3.92458365790126
2517,3.98409300540043
2518,3.93780795734552
2519,3.84854393609676
2520,4.05682665234387
2521,3.9014411338738
2522,3.89813505901273
2523,3.88160468470741
2524,3.9774808556783
2525,3.89482898415167
2526,3.85846216067995
2527,3.89482898415167
2528,3.87829860984634
2529,3.7394434656816
2530,4.22855182589339
2531,4.1908278812573
2532,4.22226450178737
2533,4.20250434031133
2534,4.21238442104935
2535,4.18454055715129
2536,4.21507898852336
2537,4.27346128379349
2538,4.21597717768136
2539,4.22945001505139
2540,4.29950876937554
2541,4.37316028033171
2542,4.28513774284751
2543,4.22945001505139
2544,4.23124639336739
2545,4.21328261020735
2546,4.24202466326341
2547,4.25639568979145
2548,4.31567617421958
2549,4.32106530916759
2550,4.28513774284751
2551,4.3264544441156
2552,4.34172365980163
2553,4.43513533223384
2554,4.37495665864771
2555,4.31477798506158
2556,4.33363995737962
2557,4.46387738528991
2558,4.47645203350193
2559,4.47645203350193
2560,4.47465565518593
2561,4.48094297929194
2562,4.53213976129806
2563,4.507888654032
2564,4.5510017336161
2565,4.58872567825218
2566,4.52046330224403
2567,4.42525525149582
2568,4.58782748909418
2569,4.61387497467623
2570,4.55818724688011
2571,4.56896551677614
2572,4.51597235645402
2573,4.61118040720223
2574,4.53842708540407
2575,4.52315786971803
2576,4.65070073015432
2577,4.69740656637042
2578,4.59321662404219
2579,4.44591360212986
2580,4.54291803119408
2581,4.54471440951009
2582,4.51327778898001
2583,4.5536963010901
2584,4.56088181435412
2585,4.61926410962425
2586,4.49441581666197
2587,4.48992487087196
2588,4.56088181435412
2589,4.46567376360591
2590,3.19267427169116
2591,3.11571996653151
2592,3.06441709642508
2593,3.07724281395169
2594,2.936159921159
2595,3.02593994384525
2596,2.98746279126543
2597,3.02593994384525
2598,3.14137140158473
2599,3.07724281395169
2600,3.1028942490049
2601,3.21832570674438
2602,3.11571996653151
2603,3.02593994384525
2604,3.06441709642508
2605,3.03876566137186
2606,3.11571996653151
2607,3.12854568405812
2608,3.16702283663794
2609,3.16702283663794
2610,3.19267427169116
2611,3.4107114696435
2612,3.26962857685081
2613,3.38506003459028
2614,3.21832570674438
2615,3.21832570674438
2616,3.07724281395169
2617,3.2568028593242
2618,3.46201433974993
2619,3.30810572943063
2620,3.37223431706368
2621,3.38506003459028
2622,3.23115142427099
2623,3.17984855416455
2624,3.32093144695724
2625,3.32093144695724
2626,3.39788575211689
2627,3.20549998921777
2628,3.42353718717011
2629,3.46201433974993
2630,3.26962857685081
2631,3.30810572943063
2632,3.37223431706368
2633,3.48766577480315
2634,3.26962857685081
2635,3.4107114696435
2636,3.55179436243619
2637,3.58075187235047
2638,3.44918862222333
2639,3.23115142427099
2640,3.5646200799628
2641,3.33375716448385
2642,3.57744579748941
2643,3.50049149232976
2644,3.46201433974993
2645,3.59397617179473
2646,3.47484005727654
2647,3.51331720985637
2648,3.35940859953707
2649,3.23115142427099
2650,3.03876566137186
2651,2.9489856386856
2652,3.02593994384525
2653,2.97463707373882
2654,2.92333420363239
2655,2.92333420363239
2656,2.92333420363239
2657,2.9489856386856
2658,2.60781722923306
2659,2.48674072648397
2660,2.42620247510943
2661,2.92333420363239
2662,2.42620247510943
2663,2.84997023473124
2664,2.42620247510943
2665,2.72889373198215
2666,2.92333420363239
2667,2.72889373198215
2668,2.78943198335669
2669,2.91050848610578
2670,2.91050848610578
2671,2.84997023473124
2672,2.91050848610578
2673,3.00028850879204
2674,2.936159921159
2675,2.91050848610578
2676,3.07724281395169
2677,3.09006853147829
2678,3.03876566137186
2679,3.12854568405812
2680,3.16702283663794
2681,3.00028850879204
2682,3.07724281395169
2683,2.97463707373882
2684,3.1028942490049
2685,3.19267427169116
2686,3.00028850879204
2687,3.00028850879204
2688,3.12854568405812
2689,2.98746279126543
2690,3.11571996653151
2691,3.05159137889847
2692,3.07724281395169
2693,3.09006853147829
2694,3.06441709642508
2695,3.06441709642508
2696,3.1028942490049
2697,3.11571996653151
2698,3.11571996653151
2699,2.96181135621221
2700,2.97463707373882
2701,2.97463707373882
2702,3.05159137889847
2703,3.05159137889847
2704,2.98746279126543
2705,3.00028850879204
2706,3.03876566137186
2707,3.1028942490049
2708,3.12854568405812
2709,3.2568028593242
2710,3.77911636401439
2711,3.63364907012752
2712,3.69977056734882
2713,3.64356729471071
2714,3.75266776512586
2715,3.6733219684603
2716,3.72621916623734
2717,3.72621916623734
2718,3.72621916623734
2719,3.72952524109841
2720,3.73613739082054
2721,3.81217711262504
2722,3.76589206457013
2723,3.60058832151686
2724,3.6634037438771
2725,3.60058832151686
2726,3.76589206457013
2727,3.70638271707095
2728,3.72621916623734
2729,3.72621916623734
2730,3.80887103776397
2731,3.76919813943119
2732,3.78903458859758
2733,3.9774808556783
2734,3.89813505901273
2735,3.79564673831971
2736,3.76919813943119
2737,3.78242243887545
2738,3.92127758304019
2739,3.9774808556783
2740,3.82870748693037
2741,3.93780795734552
2742,3.88821683442954
2743,3.99070515512256
2744,3.96095048137297
2745,4.12625422442624
2746,4.02045982887215
2747,4.01715375401108
2748,4.04690842776067
2749,4.12625422442624
2750,4.1196420747041
2751,4.01384767915002
2752,3.99070515512256
2753,4.00062337970575
2754,3.96425655623404
2755,4.01054160428895
2756,3.98409300540043
2757,4.09980562553771
2758,3.9675626310951
2759,3.90474720873486
2760,3.95764440651191
2761,4.0436023528996
2762,3.90474720873486
2763,3.94442010706765
2764,3.98409300540043
2765,4.00062337970575
2766,3.95764440651191
2767,4.00392945456682
2768,4.08988740095452
2769,3.84193178637463
2770,3.83201356179143
2771,3.71630094165415
2772,3.84523786123569
2773,3.76589206457013
2774,3.78572851373652
2775,3.79564673831971
2776,3.81217711262504
2777,3.79895281318078
2778,3.64356729471071
2779,3.7493616902648
2780,3.83201356179143
2781,3.96425655623404
2782,3.83201356179143
2783,3.76919813943119
2784,3.81217711262504
2785,3.74274954054267
2786,3.80887103776397
2787,3.759279914848
2788,3.80887103776397
2789,3.81878926234717
2790,3.84193178637463
2791,3.92458365790126
2792,3.92127758304019
2793,4.1196420747041
2794,3.97086870595617
2795,3.82209533720823
2796,4.02707197859428
2797,4.09649955067665
2798,4.1899296920993
2799,4.17584534734221
2800,4.16923319762008
2801,4.13617244900943
2802,4.05682665234387
2803,4.1394785238705
2804,4.14609067359263
2805,4.19801339452132
2806,4.1899296920993
2807,4.00062337970575
2808,4.15931497303689
2809,4.13617244900943
2810,4.12625422442624
2811,4.14609067359263
2812,4.16262104789795
2813,4.09319347581558
2814,4.03037805345534
2815,4.17915142220328
2816,4.13286637414837
2817,4.16262104789795
2818,4.06674487692706
2819,3.95103225678978
2820,4.07005095178813
2821,3.9873990802615
2822,4.0436023528996
2823,4.07666310151026
2824,4.1295602992873
2825,4.09319347581558
2826,4.03368412831641
2827,4.00392945456682
2828,4.0535205774828
2829,3.81878926234717
2830,2.30512597236034
2831,2.12351121823671
2832,2.2445877209858
2833,2.54727897785852
2834,2.48674072648397
2835,2.12351121823671
2836,2.18404946961126
2837,2.42620247510943
2838,2.42620247510943
2839,2.2445877209858
2840,2.30512597236034
2841,2.42620247510943
2842,2.30512597236034
2843,2.60781722923306
2844,2.42620247510943
2845,2.6683554806076
2846,2.48674072648397
2847,2.6683554806076
2848,2.54727897785852
2849,2.2445877209858
2850,2.42620247510943
2851,2.2445877209858
2852,2.54727897785852
2853,2.30512597236034
2854,2.18404946961126
2855,2.48674072648397
2856,2.36566422373489
2857,2.54727897785852
2858,2.42620247510943
2859,2.48674072648397
2860,2.42620247510943
2861,2.60781722923306
2862,2.54727897785852
2863,2.84997023473124
2864,2.54727897785852
2865,3.64356729471071
2866,3.5873640220726
2867,3.62703692040539
2868,3.60389439637793
2869,3.65017944443284
2870,3.60389439637793
2871,3.61381262096112
2872,3.65348551929391
2873,3.62373084554432
2874,3.6634037438771
2875,3.68985234276562
2876,3.78903458859758
2877,3.61711869582219
2878,3.66009766901604
2879,3.62373084554432
2880,3.65017944443284
2881,3.68654626790456
2882,3.69977056734882
2883,3.70307664220989
2884,3.7493616902648
2885,3.67993411818243
2886,3.71299486679308
2887,3.74274954054267
2888,3.84854393609676
2889,3.78903458859758
2890,3.71630094165415
2891,3.79564673831971
2892,3.8254014120693
2893,3.77581028915332
2894,3.8154831874861
2895,3.759279914848
2896,3.88821683442954
2897,3.8254014120693
2898,3.86176823554102
2899,3.93450188248445
2900,4.00062337970575
2901,3.9014411338738
2902,3.87168646012421
2903,3.99070515512256
2904,3.92127758304019
2905,3.87829860984634
2906,3.87168646012421
2907,3.8353196366525
2908,3.94442010706765
2909,3.82209533720823
2910,3.86507431040208
2911,3.88160468470741
2912,4.00723552942789
2913,3.92458365790126
2914,3.82209533720823
2915,3.88160468470741
2916,3.84193178637463
2917,3.93119580762339
2918,3.84854393609676
2919,3.99731730484469
2920,3.92458365790126
2921,3.88160468470741
2922,3.84193178637463
2923,3.911359358457
2924,3.82870748693037
2925,2.18404946961126
2926,2.18404946961126
2927,2.18404946961126
2928,2.2445877209858
2929,2.18404946961126
2930,2.48674072648397
2931,2.36566422373489
2932,2.30512597236034
2933,2.18404946961126
2934,2.42620247510943
2935,2.2445877209858
2936,2.42620247510943
2937,2.30512597236034
2938,2.36566422373489
2939,2.2445877209858
2940,2.30512597236034
2941,2.42620247510943
2942,2.54727897785852
2943,2.36566422373489
2944,2.48674072648397
2945,2.2445877209858
2946,2.2445877209858
2947,2.42620247510943
2948,2.30512597236034
2949,2.30512597236034
2950,2.42620247510943
2951,2.48674072648397
2952,2.36566422373489
