id,log_total
1,3.221748
2,3.20594
3,3.2639277
4,3.304266
5,3.3131764
6,3.2856314
7,3.4408417
8,3.53613
9,3.326806
10,3.3726633
11,3.5411959
12,3.4828463
13,3.358307
14,3.2008681
15,3.552517
16,3.2455685
17,3.3135896
18,3.4418838
19,3.41918
20,3.391703
21,3.3257024
22,3.4625676
23,3.6355193
24,3.5910065
25,3.4657812
26,3.331453
27,3.3688977
28,3.3897238
29,3.4943063
30,3.5156467
31,3.5521204
32,3.4460402
33,3.3453557
34,3.5013244
35,3.5321784
36,3.655499
37,3.48235
38,3.3140135
39,3.513633
40,3.5803463
41,3.4692287
42,3.4623773
43,3.5693643
44,3.5184712
45,3.4803708
46,3.5408742
47,3.5903263
48,3.5160136
49,3.4752188
50,3.481334
51,3.516637
52,3.5111835
53,3.484479
54,3.483335
55,3.6419995
56,3.5567183
57,3.4370222
58,3.5861747
59,3.7610462
60,3.680783
61,2.711403
62,2.22893
63,2.263205
64,2.2528188
65,2.3924441
66,2.1938837
67,2.4868898
68,2.165649
69,2.7052531
70,2.838669
71,2.2544658
72,2.6942885
73,2.4002666
74,2.7266777
75,2.188969
76,2.5290875
77,2.6475873
78,2.2250526
79,2.0532534
80,2.0169232
81,2.1056056
82,2.4619489
83,2.392322
84,2.4556468
85,2.506755
86,2.63823
87,2.7670193
88,2.5729396
89,2.570208
90,2.7703183
91,2.729483
92,2.758815
93,2.6937826
94,2.9175615
95,2.7030988
96,2.7259784
97,2.3354394
98,2.6570196
99,2.675936
100,2.488
101,2.4710484
102,2.5312195
103,2.623132
104,2.6538975
105,2.8047898
106,2.464962
107,2.8039215
108,2.8969247
109,2.4311244
110,2.4887633
111,2.7120159
112,2.5762968
113,2.7746286
114,2.765057
115,2.8420784
116,2.7043319
117,2.6337311
118,3.478519
119,3.4329212
120,3.3967092
121,3.444309
122,3.404019
123,3.5538554
124,3.6077218
125,3.4597023
126,3.4775748
127,3.5774682
128,3.7103045
129,3.7660546
130,3.5338817
131,3.4190414
132,3.5168211
133,3.5252955
134,3.6145473
135,3.490022
136,3.6812248
137,3.650381
138,3.6477113
139,3.7569354
140,3.6998425
141,3.815295
142,3.646283
143,3.7003493
144,3.7150156
145,3.847128
146,3.8533194
147,3.8337674
148,3.9891884
149,3.973543
150,3.8642025
151,3.9757023
152,3.985851
153,4.0458684
154,3.9872391
155,3.975961
156,4.061371
157,4.004836
158,3.9681463
159,4.0233693
160,3.9875576
161,3.961218
162,3.9348655
163,3.9657137
164,4.086729
165,4.025753
166,3.9993577
167,3.9374256
168,4.025497
169,3.9866238
170,3.9675643
171,4.0070424
172,3.9302032
173,3.956432
174,3.9864964
175,3.9587488
176,4.0647397
177,3.8961942
178,3.2721891
179,3.2441566
180,3.3244755
181,3.1873484
182,3.2390788
183,3.338878
184,3.3331516
185,3.400348
186,3.3240442
187,3.3073304
188,3.3649392
189,3.50218
190,3.4023035
191,3.4914677
192,3.4496105
193,3.4930742
194,3.3860261
195,3.4125478
196,3.4000819
197,3.4704015
198,3.4812827
199,3.5700297
200,3.420325
201,3.5300834
202,3.6072874
203,3.4917848
204,3.5274668
205,3.5391839
206,3.7560613
207,3.6999774
208,3.7261703
209,3.6929715
210,3.586165
211,3.698509
212,3.8201835
213,3.7232022
214,3.704216
215,3.6555812
216,3.6837993
217,3.7051704
218,3.5997915
219,3.748077
220,3.5541608
221,3.6336436
222,3.5829465
223,3.5511081
224,3.5995312
225,3.8065803
226,3.7683678
227,3.660603
228,3.6092558
229,3.5599492
230,3.5620248
231,3.647649
232,3.7014668
233,3.6443079
234,3.5788205
235,3.6819465
236,3.6605198
237,3.576134
238,4.326646
239,4.3028135
240,4.3456664
241,4.314874
242,4.2824397
243,4.3159447
244,4.393532
245,4.3628435
246,4.3634953
247,4.343022
248,4.3915887
249,4.551322
250,4.3813076
251,4.33672
252,4.305192
253,4.308061
254,4.3577266
255,4.401289
256,4.4624586
257,4.44377
258,4.475379
259,4.4696026
260,4.539804
261,4.668907
262,4.5017834
263,4.4156666
264,4.5021667
265,4.549179
266,4.612432
267,4.60213
268,4.6541166
269,4.686201
270,4.610332
271,4.674877
272,4.726757
273,4.8078437
274,4.680753
275,4.6607947
276,4.7671685
277,4.722025
278,4.6927137
279,4.6998825
280,4.6476154
281,4.682406
282,4.6899967
283,4.679334
284,4.744218
285,4.776739
286,4.677166
287,4.6880546
288,4.690827
289,4.70038
290,4.689039
291,4.6555185
292,4.7127547
293,4.722734
294,4.699798
295,4.7453628
296,4.731181
297,4.661559
298,3.4653826
299,3.3577194
300,3.372931
301,3.5673559
302,3.523837
303,3.5271723
304,3.4537997
305,3.5744631
306,3.4412997
307,3.4493053
308,3.4675
309,3.7673929
310,3.479538
311,3.4036577
312,3.512966
313,3.4168417
314,3.5870485
315,3.6178875
316,3.5181966
317,3.7322373
318,3.634367
319,3.7798712
320,3.6756907
321,3.764199
322,3.7365959
323,3.671295
324,3.7239208
325,3.7115874
326,3.7194765
327,3.642395
328,3.716306
329,3.792742
330,3.6950808
331,3.682671
332,3.6894789
333,3.7932293
334,3.7059221
335,3.7446113
336,3.8116329
337,3.9013102
338,3.8591795
339,3.801075
340,3.7710288
341,3.835762
342,3.490404
343,3.7102396
344,3.780636
345,3.8818836
346,3.721583
347,3.7356546
348,3.828983
349,3.9088776
350,3.8458703
351,3.7842376
352,3.9153447
353,3.8702476
354,3.8004558
355,3.7848713
356,3.9211814
357,3.8656807
358,3.3536003
359,3.1550896
360,3.3155046
361,3.2745006
362,3.171707
363,3.2499802
364,3.4313824
365,3.2824569
366,3.23719
367,3.2758825
368,3.38451
369,3.6030192
370,3.2594302
371,3.3357873
372,3.3622894
373,3.2492025
374,2.9901726
375,3.3062205
376,3.3180716
377,3.281691
378,3.3979518
379,3.3901365
380,3.2336664
381,3.698443
382,3.5762343
383,3.561416
384,3.652806
385,3.648781
386,3.5810962
387,3.5371609
388,3.566116
389,3.5574734
390,3.6273675
391,3.5409908
392,3.643784
393,3.6695547
394,3.5203683
395,3.382805
396,3.4883137
397,3.5712035
398,3.4891782
399,3.5265503
400,3.5921464
401,3.6245615
402,3.3755078
403,3.5885413
404,3.622616
405,3.6904876
406,3.456621
407,3.3548834
408,3.3950465
409,3.6102068
410,3.6441314
411,3.5690022
412,3.5800714
413,3.5719962
414,3.5001338
415,3.6112478
416,3.5563173
417,3.6404092
418,2.95049
419,3.024765
420,2.8526964
421,2.7682917
422,3.0151613
423,2.8899024
424,2.7821066
425,3.0196052
426,3.027788
427,2.9590638
428,2.785346
429,3.1624177
430,2.948039
431,3.075789
432,2.8960543
433,2.8849266
434,3.061338
435,2.978156
436,2.992542
437,2.94317
438,3.1577125
439,2.843079
440,3.1241558
441,3.2255144
442,3.2068872
443,3.0768664
444,3.077776
445,2.993269
446,2.7902002
447,3.1627967
448,2.8996534
449,2.9493325
450,3.1239798
451,3.076249
452,3.093907
453,3.2709053
454,3.1092486
455,2.975244
456,3.068003
457,3.0721934
458,3.121025
459,3.0967686
460,2.948201
461,3.1772223
462,3.164018
463,3.1370513
464,3.0885668
465,3.2292411
466,3.0703604
467,2.887506
468,3.0497484
469,3.0645196
470,2.978509
471,3.1716318
472,2.985212
473,3.1510518
474,2.955264
475,3.0952253
476,2.9311562
477,3.023857
478,3.016012
479,2.8832111
480,3.0399559
481,2.5985231
482,2.866085
483,2.9129682
484,2.858964
485,3.0414732
486,2.9788873
487,2.7111232
488,3.0338278
489,3.212475
490,3.1709936
491,3.0715091
492,3.0072606
493,3.0676157
494,2.9992192
495,3.1066067
496,3.226796
497,3.0279222
498,3.1014645
499,3.0806856
500,3.118057
501,3.1573622
502,3.011881
503,3.0162852
504,3.1481616
505,3.081345
506,3.2503173
507,3.2885602
508,3.2675662
509,3.4390776
510,3.4407256
511,3.4640636
512,3.3737183
513,3.466951
514,3.1465187
515,3.1387887
516,3.4172924
517,3.344112
518,3.2423997
519,3.3538349
520,3.3565044
521,3.240009
522,3.4512808
523,3.309094
524,3.2672415
525,3.416765
526,3.364548
527,3.2642806
528,3.4059196
529,3.3358505
530,3.2179139
531,3.2063568
532,3.3629014
533,3.2039602
534,3.1730702
535,3.3483922
536,3.3753467
537,3.2663195
538,4.0557747
539,4.118508
540,4.0905685
541,4.067698
542,4.0502605
543,4.121869
544,4.111723
545,4.1142497
546,4.1086984
547,4.080959
548,4.2262015
549,4.314472
550,4.096167
551,4.0974154
552,4.099263
553,4.0666165
554,4.1012793
555,4.156698
556,4.2080994
557,4.1519127
558,4.111935
559,4.2075233
560,4.2315807
561,4.3845353
562,4.162784
563,4.1748424
564,4.194662
565,4.2778583
566,4.3249006
567,4.3126764
568,4.3119774
569,4.311903
570,4.306158
571,4.3997273
572,4.448847
573,4.4743514
574,4.3667727
575,4.3370695
576,4.432829
577,4.3923016
578,4.4182224
579,4.419752
580,4.392126
581,4.430038
582,4.3670473
583,4.3720574
584,4.443311
585,4.4656816
586,4.3340006
587,4.2700396
588,4.3645616
589,4.434707
590,4.402462
591,4.42743
592,4.472656
593,4.4519405
594,4.4028854
595,4.4515023
596,4.4120865
597,4.2374644
598,3.7516081
599,3.6667948
600,3.7005165
601,3.6393838
602,3.786096
603,3.7754285
604,3.8519113
605,3.778307
606,3.7779055
607,3.7268815
608,3.821695
609,3.9471478
610,3.846763
611,3.7449381
612,3.8102188
613,3.9394255
614,3.8902326
615,3.8990898
616,3.9790854
617,3.9026816
618,3.8886428
619,4.009744
620,4.0186014
621,4.080374
622,3.9704258
623,3.9438026
624,4.047783
625,4.155479
626,4.090831
627,4.036034
628,4.1868453
629,4.1258345
630,4.092188
631,4.1532526
632,4.1869454
633,4.2332277
634,4.187182
635,4.0947886
636,4.248084
637,4.2266493
638,4.2431693
639,4.270295
640,4.174121
641,4.263329
642,4.2123947
643,4.2015
644,4.2988806
645,4.323285
646,4.2322454
647,4.130041
648,4.178479
649,4.164453
650,4.262872
651,4.160631
652,4.1988397
653,4.2504296
654,4.1850386
655,4.242934
656,4.17509
657,4.0559506
658,2.9054697
659,2.95663
660,2.960423
661,2.550654
662,2.4881167
663,2.6881194
664,2.797696
665,3.0553136
666,3.0624628
667,2.7301986
668,2.8432412
669,2.9549186
670,3.021128
671,2.9446971
672,2.961206
673,3.1627905
674,3.090061
675,3.1686249
676,3.0896509
677,2.9866443
678,3.1155457
679,3.2637067
680,3.3608549
681,3.154811
682,3.1430054
683,3.1515286
684,2.899788
685,2.8910363
686,3.1459928
687,3.3066633
688,3.177163
689,3.2636983
690,3.1958392
691,3.247721
692,3.232939
693,3.14942
694,3.1276758
695,3.152525
696,3.1861746
697,3.1145842
698,3.0921462
699,3.1793416
700,3.063784
701,3.1831012
702,3.3786633
703,3.4389255
704,3.399861
705,3.2645984
706,3.328295
707,3.3309426
708,3.236081
709,3.11979
710,3.0135756
711,2.87423
712,3.1952593
713,3.1185958
714,3.188599
715,3.264124
716,3.336292
717,3.042163
718,2.7601924
719,2.9155393
720,2.7895632
721,2.9723094
722,3.0316055
723,2.9209745
724,3.1550896
725,2.8673317
726,3.0957859
727,2.6855621
728,3.173852
729,3.2513635
730,2.9266605
731,3.0316768
732,2.749981
733,3.096007
734,3.029688
735,3.0082397
736,2.992702
737,3.0954394
738,3.1422923
739,2.8501773
740,2.9278479
741,3.2845342
742,3.218485
743,3.0392447
744,3.1546323
745,3.3491538
746,3.2413266
747,3.099796
748,3.2640011
749,3.17935
750,3.2555797
751,3.401382
752,3.3330703
753,3.490385
754,3.4002757
755,3.3984077
756,3.420577
757,3.442372
758,3.3004334
759,3.4292839
760,3.3807614
761,3.4891465
762,3.6229098
763,3.4754815
764,3.5737026
765,3.555483
766,3.5153966
767,3.3912275
768,3.449442
769,3.5076203
770,3.4154782
771,3.4373012
772,3.4584205
773,3.3182018
774,3.4128284
775,3.3162966
776,3.454847
777,3.2399871
778,3.8890457
779,3.796329
780,3.83035
781,3.9119012
782,3.9420338
783,3.87804
784,3.9234352
785,3.960525
786,3.8404741
787,3.825126
788,4.099809
789,4.17278
790,3.955933
791,3.9302456
792,3.8387153
793,3.8979423
794,3.8713775
795,4.0119257
796,4.0668545
797,4.0107865
798,4.041532
799,3.9718747
800,4.1155615
801,4.291448
802,4.041532
803,4.037491
804,4.1114545
805,4.20782
806,4.2356024
807,4.2056704
808,4.172768
809,4.215026
810,4.2136197
811,4.270233
812,4.290445
813,4.37053
814,4.2178755
815,4.1240206
816,4.2361507
817,4.2299547
818,4.1984262
819,4.241997
820,4.221036
821,4.266606
822,4.1842494
823,4.2481475
824,4.285864
825,4.345329
826,4.2009234
827,4.125326
828,4.232685
829,4.154454
830,4.2296925
831,4.2658796
832,4.2979097
833,4.229472
834,4.207807
835,4.2903047
836,4.2319684
837,4.184075
838,3.7339544
839,3.7494547
840,3.6403174
841,3.6377466
842,3.6314127
843,3.6401837
844,3.7445097
845,3.7456775
846,3.6334827
847,3.6976159
848,3.870674
849,4.0657787
850,3.7306082
851,3.730192
852,3.7800665
853,3.712202
854,3.7969413
855,3.801684
856,3.903786
857,3.841051
858,3.8217995
859,3.8547401
860,3.9025035
861,4.0962586
862,3.8514652
863,3.9224331
864,3.955957
865,3.9794712
866,3.8727872
867,3.9842236
868,3.96152
869,4.0582604
870,3.9777262
871,4.038409
872,4.1290264
873,4.241369
874,4.0640297
875,4.0778522
876,4.092723
877,4.079167
878,4.05387
879,4.0720215
880,4.0005217
881,3.9865527
882,3.983405
883,4.0392447
884,4.073718
885,4.224295
886,3.9477243
887,3.9283009
888,4.065045
889,4.025388
890,4.062377
891,4.05742
892,4.153048
893,4.1120386
894,4.0200644
895,4.092562
896,4.155084
897,4.047338
898,2.9670947
899,2.700188
900,3.054017
901,3.1642382
902,3.0652435
903,3.0237901
904,2.9961355
905,3.080317
906,2.7744453
907,2.953872
908,3.2488506
909,3.2095072
910,2.924282
911,3.0232627
912,3.1021879
913,3.1150708
914,3.0016363
915,2.9641945
916,2.990423
917,3.2413056
918,2.814304
919,3.228409
920,3.2897298
921,3.271968
922,2.9456
923,3.0614095
924,3.3322778
925,3.3640997
926,3.3003047
927,3.4462159
928,3.3564024
929,3.4378376
930,3.2848494
931,3.3780336
932,3.4705827
933,3.626354
934,3.5027947
935,3.4647894
936,3.4901867
937,3.4504945
938,3.4899106
939,3.3839211
940,3.3519886
941,3.454457
942,3.2798755
943,3.2870834
944,3.345651
945,3.5553613
946,3.2704895
947,3.329448
948,3.3615136
949,3.4162579
950,3.1696663
951,3.313063
952,3.2918923
953,3.3357782
954,3.3214846
955,3.2197735
956,3.5199995
957,3.1453962
958,2.9427505
959,2.9857419
960,3.0560083
961,3.0825005
962,3.04038
963,2.9724965
964,2.937746
965,2.9631295
966,2.866769
967,2.9255025
968,3.122996
969,3.1083553
970,2.9520528
971,2.7806826
972,2.9882386
973,2.8004363
974,3.0680268
975,3.0280535
976,3.1166813
977,3.0853028
978,3.042129
979,2.9466372
980,3.1830053
981,3.282158
982,3.0858436
983,3.0461624
984,3.170292
985,3.210497
986,3.1458054
987,3.109267
988,3.2517822
989,3.2450294
990,3.33005
991,3.267873
992,3.2302067
993,3.3364367
994,3.3606308
995,3.1158211
996,3.4215937
997,3.3382974
998,3.1392038
999,3.4128294
1000,3.2238932
1001,3.3299453
1002,3.436915
1003,3.4477458
1004,3.3107803
1005,3.6024053
1006,3.3256025
1007,3.173879
1008,3.3087466
1009,3.263196
1010,3.300557
1011,3.3353717
1012,3.3373473
1013,3.2829504
1014,3.2441804
1015,3.2084846
1016,3.4482455
1017,3.2192373
1018,3.7139258
1019,3.5883744
1020,3.7171178
1021,3.5717256
1022,3.6526747
1023,3.6893063
1024,3.664763
1025,3.6227221
1026,3.5890033
1027,3.3561618
1028,3.573199
1029,3.6185102
1030,3.3449295
1031,3.227723
1032,3.3773649
1033,3.4370959
1034,3.4059315
1035,3.4597392
1036,3.3319926
1037,3.4309099
1038,3.3753445
1039,3.5640779
1040,3.6155086
1041,3.7649968
1042,3.5875165
1043,3.5436034
1044,3.5699723
1045,3.661237
1046,3.6570587
1047,3.6616719
1048,3.6266766
1049,3.6083865
1050,3.6977177
1051,3.7517984
1052,3.8411067
1053,3.904098
1054,3.834517
1055,3.6743624
1056,3.8926451
1057,3.8082538
1058,3.887322
1059,3.8778503
1060,3.7741168
1061,3.7319357
1062,3.8721476
1063,3.8723505
1064,3.9205196
1065,3.9466927
1066,3.8557327
1067,3.7997077
1068,3.875962
1069,3.8786807
1070,3.817714
1071,3.828166
1072,3.834505
1073,3.8227155
1074,3.852218
1075,3.9487233
1076,3.815601
1077,3.8017187
1078,3.2556746
1079,3.2349207
1080,3.1822736
1081,3.290061
1082,3.285666
1083,3.3083005
1084,3.2667673
1085,3.1996765
1086,3.21036
1087,3.3526285
1088,3.423795
1089,3.5441608
1090,3.2731051
1091,3.4952273
1092,3.5391576
1093,3.3496747
1094,3.4350054
1095,3.4307063
1096,3.495853
1097,3.435861
1098,3.3405282
1099,3.421384
1100,3.505406
1101,3.671858
1102,3.4696045
1103,3.353978
1104,3.5663984
1105,3.601921
1106,3.5150645
1107,3.5866048
1108,3.5784276
1109,3.622898
1110,3.4746044
1111,3.550512
1112,3.6287007
1113,3.6299736
1114,3.5518095
1115,3.5971618
1116,3.7282827
1117,3.7229095
1118,3.6401484
1119,3.6816564
1120,3.6981335
1121,3.7016747
1122,3.623508
1123,3.5419269
1124,3.5486925
1125,3.6473877
1126,3.6098306
1127,3.4053066
1128,3.568283
1129,3.6346445
1130,3.5960498
1131,3.6068413
1132,3.586882
1133,3.6638725
1134,3.6846623
1135,3.6459274
1136,3.6524932
1137,3.7186103
1138,3.0175195
1139,2.6948764
1140,3.0315604
1141,2.9034188
1142,3.1148117
1143,2.7923133
1144,2.9468884
1145,2.932854
1146,2.8013084
1147,2.922681
1148,3.1796606
1149,3.2149484
1150,2.7163124
1151,2.864977
1152,2.78495
1153,2.8345344
1154,2.9024017
1155,2.9768677
1156,2.9872015
1157,3.0140715
1158,2.8450816
1159,2.795432
1160,2.8132167
1161,3.168156
1162,2.7925057
1163,2.817533
1164,2.991363
1165,2.7735345
1166,2.9634047
1167,3.0514994
1168,2.5688438
1169,2.7183187
1170,2.8529325
1171,2.8422308
1172,2.9869742
1173,2.9768355
1174,3.0512626
1175,2.5964303
1176,3.0558271
1177,3.0631616
1178,3.224044
1179,3.0977795
1180,3.0501335
1181,3.1176128
1182,2.877911
1183,3.0975933
1184,3.0364516
1185,3.2542477
1186,2.9818623
1187,2.847597
1188,2.9364488
1189,3.0258317
1190,2.9498403
1191,2.979917
1192,2.9731898
1193,3.2115486
1194,2.947472
1195,2.6954322
1196,2.8641694
1197,2.9888403
1198,3.5117238
1199,3.3503609
1200,3.4605236
1201,3.537992
1202,3.4275062
1203,3.4458833
1204,3.60555
1205,3.5610044
1206,3.4803123
1207,3.396276
1208,3.5641735
1209,3.5308754
1210,3.565803
1211,3.4707181
1212,3.4391005
1213,3.5297825
1214,3.5969763
1215,3.513164
1216,3.5448687
1217,3.504163
1218,3.5918028
1219,3.6119375
1220,3.6821651
1221,3.76088
1222,3.6991649
1223,3.6561325
1224,3.617549
1225,3.7388675
1226,3.772379
1227,3.7895846
1228,3.83442
1229,3.8165753
1230,3.88147
1231,3.8992007
1232,3.8385956
1233,3.9868708
1234,3.7833142
1235,3.7459753
1236,3.888249
1237,3.8221672
1238,3.8662157
1239,3.9329007
1240,3.8085146
1241,3.7628956
1242,3.7321894
1243,3.864897
1244,3.8039105
1245,3.949016
1246,3.7934554
1247,3.7377439
1248,3.8007042
1249,3.7956634
1250,3.8208053
1251,3.802289
1252,3.787501
1253,3.77748
1254,3.836168
1255,3.8282566
1256,3.7704854
1257,3.797436
1258,3.7207148
1259,3.7069678
1260,3.741043
1261,3.7031624
1262,3.7468438
1263,3.6802073
1264,3.8299463
1265,3.707139
1266,3.681117
1267,3.7451668
1268,3.8986866
1269,3.9798214
1270,3.6908655
1271,3.6139724
1272,3.7196481
1273,3.8286138
1274,3.8039737
1275,3.876439
1276,3.877506
1277,3.8059697
1278,3.8129528
1279,3.8306856
1280,3.9683003
1281,4.0933495
1282,3.8949656
1283,3.878195
1284,3.9250457
1285,3.999258
1286,4.018674
1287,3.990029
1288,3.8629718
1289,4.055341
1290,4.059235
1291,4.047952
1292,4.1868043
1293,4.1344004
1294,4.068568
1295,3.9522734
1296,4.1070514
1297,4.0104475
1298,4.0009284
1299,4.0403943
1300,3.8718338
1301,4.012369
1302,4.025133
1303,3.9963503
1304,4.0458016
1305,4.0788174
1306,3.983376
1307,3.908512
1308,4.0119767
1309,3.935037
1310,3.9988687
1311,4.0097632
1312,4.040018
1313,3.9857965
1314,4.086558
1315,4.0570383
1316,4.017037
1317,3.7796571
1318,3.7948897
1319,3.7045326
1320,3.751577
1321,3.7676904
1322,3.727014
1323,3.77679
1324,3.8409476
1325,3.8630924
1326,3.8076806
1327,3.8937585
1328,3.9872692
1329,4.011013
1330,3.8217251
1331,3.724703
1332,3.8840725
1333,3.836294
1334,3.822554
1335,3.816929
1336,3.901465
1337,3.8658195
1338,3.8135202
1339,3.8771267
1340,3.9341629
1341,4.128269
1342,3.8950548
1343,3.7788358
1344,3.8459516
1345,4.012209
1346,4.046282
1347,4.0189853
1348,4.0539675
1349,4.0201964
1350,4.107576
1351,4.07053
1352,4.116017
1353,4.203977
1354,4.0228186
1355,4.0529995
1356,4.1275506
1357,4.0470424
1358,4.02854
1359,4.104598
1360,4.030983
1361,4.098871
1362,3.9935756
1363,3.992495
1364,4.1578145
1365,4.1415334
1366,4.032603
1367,4.0228615
1368,4.114002
1369,4.0632606
1370,4.119214
1371,4.096093
1372,4.1186423
1373,4.1303353
1374,3.9651384
1375,4.0348015
1376,4.138902
1377,4.1077557
1378,3.5158188
1379,3.480535
1380,3.5975282
1381,3.5274217
1382,3.5783198
1383,3.4217844
1384,3.568816
1385,3.584839
1386,3.5457478
1387,3.6254547
1388,3.636666
1389,3.7677486
1390,3.5214012
1391,3.4868362
1392,3.6109118
1393,3.5322378
1394,3.500382
1395,3.6367254
1396,3.6683388
1397,3.6467159
1398,3.6167307
1399,3.7559571
1400,3.621505
1401,3.8636043
1402,3.684266
1403,3.7348635
1404,3.8004193
1405,3.869745
1406,3.841003
1407,3.8325562
1408,3.862968
1409,3.9552178
1410,3.8383467
1411,3.940897
1412,3.9081202
1413,3.9470031
1414,3.8226116
1415,3.7720153
1416,3.9469683
1417,3.9868815
1418,3.9217331
1419,3.8662467
1420,3.7761166
1421,3.7960796
1422,3.84363
1423,3.846844
1424,3.9470232
1425,3.935602
1426,3.8027494
1427,3.7843046
1428,3.8823264
1429,3.821708
1430,3.7369125
1431,3.9034467
1432,3.867595
1433,3.9311726
1434,3.9243422
1435,3.8980825
1436,3.8990164
1437,3.7961626
1438,3.1358736
1439,2.9769273
1440,3.234021
1441,3.0473845
1442,3.2178051
1443,3.1150877
1444,3.3415134
1445,3.186005
1446,3.2315745
1447,3.1834552
1448,3.268044
1449,3.3952246
1450,3.0470922
1451,3.007556
1452,3.2405078
1453,3.3074293
1454,3.2071471
1455,3.2541463
1456,3.3283994
1457,3.1869402
1458,3.2235816
1459,3.001598
1460,3.4087298
1461,3.3359952
1462,3.2221637
1463,3.0914927
1464,3.1611545
1465,3.1621737
1466,3.3560693
1467,3.3915448
1468,3.5989954
1469,3.5105476
1470,3.4378445
1471,3.2998514
1472,3.3945813
1473,3.5503204
1474,3.4073095
1475,3.3254654
1476,3.4543262
1477,3.2792559
1478,3.488648
1479,3.4872968
1480,3.5512218
1481,3.6410544
1482,3.532552
1483,3.574439
1484,3.5717206
1485,3.5155213
1486,3.330508
1487,3.475733
1488,3.367593
1489,3.440051
1490,3.290679
1491,3.4215572
1492,3.5304687
1493,3.424657
1494,3.3729637
1495,3.5522537
1496,3.5279615
1497,3.558515
1498,3.213281
1499,3.1051967
1500,3.3159218
1501,3.195689
1502,3.2589731
1503,3.1189864
1504,3.272337
1505,3.2576897
1506,3.1540294
1507,3.3160267
1508,3.3710093
1509,3.4706538
1510,3.2701874
1511,3.1079228
1512,3.3463368
1513,3.2316275
1514,3.305217
1515,3.279065
1516,3.3219304
1517,3.3342476
1518,3.3212466
1519,3.3506994
1520,3.4469788
1521,3.5612497
1522,3.376498
1523,3.4424605
1524,3.3369215
1525,3.4659746
1526,3.472283
1527,3.519732
1528,3.5405037
1529,3.4451654
1530,3.4869118
1531,3.5979326
1532,3.6210709
1533,3.7291656
1534,3.447108
1535,3.5203824
1536,3.5129244
1537,3.6238468
1538,3.5252457
1539,3.497784
1540,3.4764035
1541,3.3979897
1542,3.5754385
1543,3.6421456
1544,3.6617649
1545,3.6669855
1546,3.6164749
1547,3.5890217
1548,3.5341203
1549,3.4283154
1550,3.3697183
1551,3.563724
1552,3.653331
1553,3.6330914
1554,3.4938927
1555,3.534722
1556,3.4943755
1557,3.4050827
1558,2.486159
1559,2.3748705
1560,2.541747
1561,2.5134323
1562,2.5221074
1563,2.436056
1564,2.3192313
1565,2.578155
1566,2.4185278
1567,2.1925743
1568,2.1917272
1569,2.9282334
1570,2.3433726
1571,2.2779443
1572,2.499764
1573,2.3350077
1574,2.416938
1575,2.5470626
1576,2.449599
1577,2.4911535
1578,2.1001267
1579,2.5817041
1580,2.3826938
1581,2.7337313
1582,2.6547456
1583,2.6237917
1584,2.559553
1585,2.6801772
1586,2.2961113
1587,2.3001637
1588,2.2881265
1589,2.3469093
1590,2.3032029
1591,2.7109582
1592,2.762545
1593,2.3925238
1594,2.498898
1595,2.7710028
1596,2.9065046
1597,2.2528265
1598,3.0965662
1599,2.2930999
1600,2.7259583
1601,2.5325089
1602,2.5300303
1603,2.309125
1604,2.7996595
1605,2.4441602
1606,2.2320478
1607,2.490007
1608,2.6428235
1609,2.7690673
1610,2.7939446
1611,2.6298103
1612,2.4154625
1613,2.1441734
1614,2.3492382
1615,2.2025461
1616,2.702828
1617,3.3412523
1618,3.244299
1619,3.2491055
1620,3.3678195
1621,3.196257
1622,3.261533
1623,3.3920946
1624,3.4306736
1625,3.347506
1626,3.2715917
1627,3.403417
1628,3.4901464
1629,3.3686059
1630,3.2189186
1631,3.373444
1632,3.321714
1633,3.3773367
1634,3.4597125
1635,3.3609045
1636,3.480837
1637,3.3978994
1638,3.3232257
1639,3.4287598
1640,3.693506
1641,3.470915
1642,3.3942099
1643,3.4586613
1644,3.4821637
1645,3.4930086
1646,3.5319839
1647,3.5439737
1648,3.4443822
1649,3.5909727
1650,3.4691217
1651,3.589508
1652,3.4121108
1653,3.4353878
1654,3.3682425
1655,3.4983146
1656,3.4525056
1657,3.4327238
1658,3.538202
1659,3.4207559
1660,3.5916822
1661,3.2943585
1662,3.51057
1663,3.5869324
1664,3.478422
1665,3.396079
1666,3.5829988
1667,3.6778414
1668,3.5088015
1669,3.4084013
1670,3.512102
1671,3.7106097
1672,3.4745228
1673,3.5902965
1674,3.530399
1675,3.6247454
1676,3.467481
1677,3.305856
1678,3.2208645
1679,3.1033564
1680,3.158439
1681,3.2049491
1682,3.0315561
1683,3.3860676
1684,3.316795
1685,3.189687
1686,3.138613
1687,3.251058
1688,3.3943043
1689,3.4824016
1690,3.2175279
1691,3.273119
1692,3.1922388
1693,3.1710773
1694,3.2931733
1695,3.4377966
1696,3.3572145
1697,3.214806
1698,3.3868458
1699,3.3463984
1700,3.5951276
1701,3.4674733
1702,3.5067217
1703,3.3889973
1704,3.474879
1705,3.5256538
1706,3.6232994
1707,3.5769253
1708,3.6175787
1709,3.5932596
1710,3.5215921
1711,3.5932164
1712,3.7016401
1713,3.7425518
1714,3.5681884
1715,3.7554846
1716,3.6270561
1717,3.6268046
1718,3.6479897
1719,3.6256804
1720,3.627808
1721,3.6831656
1722,3.7036695
1723,3.7329614
1724,3.8019197
1725,3.5816
1726,3.6234195
1727,3.577429
1728,3.6765208
1729,3.5820687
1730,3.66753
1731,3.7104554
1732,3.6272461
1733,3.592051
1734,3.5655074
1735,3.6440573
1736,3.671507
1737,2.8635135
1738,2.8007853
1739,2.8563755
1740,2.6614766
1741,3.0909748
1742,2.996261
1743,3.0044615
1744,3.0888305
1745,3.0771275
1746,2.8712494
1747,3.1512644
1748,3.4512448
1749,3.2221527
1750,3.067075
1751,3.066474
1752,3.1012673
1753,3.137144
1754,3.1772933
1755,3.2848876
1756,3.2346966
1757,3.1669314
1758,3.2075644
1759,3.285658
1760,3.4088216
1761,3.320507
1762,3.0349226
1763,3.266702
1764,3.3322299
1765,3.3080108
1766,3.3075967
1767,3.1759427
1768,3.3857517
1769,3.3374557
1770,3.431174
1771,3.3245356
1772,3.5233316
1773,3.2921774
1774,3.1624112
1775,3.3448424
1776,3.1638105
1777,3.2921755
1778,3.430177
1779,3.4855187
1780,3.517008
1781,3.4389734
1782,3.2792602
1783,3.4519887
1784,3.6062381
1785,3.3868704
1786,3.2956018
1787,3.4502208
1788,3.4910195
1789,3.254511
1790,3.2837005
1791,3.4031749
1792,3.407776
1793,3.2773633
1794,3.3066778
1795,3.3354285
1796,3.300624
1797,3.691428
1798,3.611492
1799,3.635743
1800,3.6737807
1801,3.7304332
1802,3.7012117
1803,3.7670858
1804,3.6696482
1805,3.7983701
1806,3.8252816
1807,3.7778807
1808,3.9434896
1809,3.8382647
1810,3.7150898
1811,3.7696018
1812,3.6984618
1813,3.800941
1814,3.8073514
1815,3.8841128
1816,3.7863576
1817,3.8633144
1818,3.824435
1819,3.9180715
1820,4.0679026
1821,3.8365102
1822,3.7652605
1823,3.8309453
1824,3.9457598
1825,4.023846
1826,4.065221
1827,4.0101705
1828,4.066293
1829,3.9307368
1830,4.0561843
1831,4.0586753
1832,4.157548
1833,4.0040627
1834,3.994126
1835,4.068554
1836,4.044841
1837,3.9392114
1838,4.026557
1839,3.9626448
1840,4.014834
1841,4.0090647
1842,4.0099344
1843,4.091908
1844,4.093758
1845,3.9083354
1846,3.8368306
1847,3.9210324
1848,3.9233694
1849,3.8950214
1850,3.9491606
1851,3.9704313
1852,4.021701
1853,4.009508
1854,4.0300612
1855,4.0619855
1856,4.025491
1857,2.84422
1858,2.7544236
1859,2.867115
1860,2.8111994
1861,2.994255
1862,3.0013306
1863,2.9015472
1864,2.709953
1865,2.5102167
1866,2.9880903
1867,3.0062876
1868,2.9877648
1869,2.9540942
1870,2.7209992
1871,2.3599088
1872,2.874615
1873,2.8636374
1874,2.6448135
1875,2.754595
1876,2.8149264
1877,2.9293125
1878,3.0336733
1879,3.107803
1880,3.0896678
1881,2.8749774
1882,2.9549322
1883,3.201131
1884,3.027012
1885,3.2203674
1886,3.123787
1887,3.3384588
1888,2.91119
1889,2.7262483
1890,2.9828334
1891,3.0443351
1892,3.1000748
1893,2.862252
1894,3.0123186
1895,2.947619
1896,3.1756744
1897,3.245393
1898,3.06646
1899,2.8701334
1900,3.040559
1901,3.1611793
1902,3.06002
1903,2.8956852
1904,2.8200178
1905,2.9185662
1906,3.0074716
1907,2.8811686
1908,3.081343
1909,3.1248431
1910,2.9127831
1911,3.2444847
1912,3.210524
1913,3.085718
1914,3.0540984
1915,3.0031118
1916,2.510973
1917,4.043103
1918,3.930483
1919,3.9686944
1920,3.9772227
1921,4.0109234
1922,3.9255848
1923,4.0562577
1924,4.0780396
1925,4.007534
1926,4.092436
1927,4.108996
1928,4.2619705
1929,4.1250763
1930,4.0314527
1931,4.1220202
1932,4.124297
1933,4.090221
1934,4.1473656
1935,4.2246165
1936,4.161075
1937,4.221316
1938,4.2162085
1939,4.236875
1940,4.400333
1941,4.237742
1942,4.2257032
1943,4.2201138
1944,4.223959
1945,4.332562
1946,4.3434305
1947,4.323855
1948,4.3544474
1949,4.3484497
1950,4.3740373
1951,4.4243126
1952,4.481437
1953,4.3976803
1954,4.3436165
1955,4.4046226
1956,4.33944
1957,4.3366446
1958,4.4052944
1959,4.325586
1960,4.375884
1961,4.345346
1962,4.3858647
1963,4.451
1964,4.5280304
1965,4.363934
1966,4.317495
1967,4.3347807
1968,4.319575
1969,4.368929
1970,4.387617
1971,4.4148145
1972,4.431622
1973,4.3275476
1974,4.4076242
1975,4.4230437
1976,4.3330555
1977,3.8606591
1978,3.7834234
1979,3.878431
1980,3.8129604
1981,3.8334713
1982,3.8250437
1983,3.9668367
1984,3.9906616
1985,3.9422235
1986,3.922288
1987,3.9631941
1988,4.143299
1989,3.932098
1990,3.9390984
1991,3.9641452
1992,3.9972577
1993,3.9830844
1994,3.992869
1995,4.08906
1996,4.0628843
1997,4.036646
1998,4.0853806
1999,4.174363
2000,4.2527776
2001,4.0460553
2002,4.1059647
2003,4.1195736
2004,4.148043
2005,4.225154
2006,4.250361
2007,4.207779
2008,4.186367
2009,4.1822605
2010,4.2086124
2011,4.226841
2012,4.262095
2013,4.1983333
2014,4.1476574
2015,4.23912
2016,4.149869
2017,4.1714573
2018,4.156571
2019,4.190817
2020,4.227916
2021,4.1417046
2022,4.207891
2023,4.209936
2024,4.238797
2025,4.1517696
2026,4.0919356
2027,4.1801767
2028,4.163903
2029,4.178042
2030,4.1365066
2031,4.278147
2032,4.2880254
2033,4.214979
2034,4.2475677
2035,4.250829
2036,4.133757
2037,1.8175262
2038,1.7496349
2039,2.3497517
2040,2.2440228
2041,1.9066415
2042,2.3193285
2043,2.0946658
2044,2.1656191
2045,2.2299533
2046,1.9775921
2047,1.9492588
2048,2.4361863
2049,2.2334244
2050,2.0155842
2051,3.9138842
2052,3.87624
2053,3.9989562
2054,3.9334328
2055,3.9169261
2056,3.8686564
2057,3.9338863
2058,3.9074447
2059,3.9677775
2060,3.971787
2061,4.114747
2062,4.2478867
2063,4.0142784
2064,4.03534
2065,4.0209208
2066,4.0070524
2067,3.9782119
2068,4.0030355
2069,4.071892
2070,4.020442
2071,3.9621415
2072,4.038299
2073,4.1201572
2074,4.2682543
2075,4.0556912
2076,4.0622725
2077,4.1301856
2078,4.1400495
2079,4.1404514
2080,4.145478
2081,4.2290487
2082,4.2224593
2083,4.225524
2084,4.2690816
2085,4.3596487
2086,4.392539
2087,4.272118
2088,4.2336154
2089,4.3911695
2090,4.306393
2091,4.3315883
2092,4.2976403
2093,4.2868805
2094,4.3130264
2095,4.313934
2096,4.249802
2097,4.3766913
2098,4.4380774
2099,4.272096
2100,4.1904397
2101,4.300505
2102,4.3102226
2103,4.310301
2104,4.317339
2105,4.373797
2106,4.314493
2107,4.3088183
2108,4.325245
2109,4.350616
2110,4.2899923
2111,3.125679
2112,3.221825
2113,2.8934302
2114,3.1991456
2115,3.1321313
2116,3.2282972
2117,3.2597573
2118,3.4071126
2119,3.2225702
2120,3.3784304
2121,3.4354625
2122,3.4956934
2123,3.3598502
2124,3.2169642
2125,3.325087
2126,3.3402488
2127,3.0816894
2128,3.3147492
2129,3.4754343
2130,3.2371874
2131,3.38239
2132,3.3402495
2133,3.700573
2134,3.6498253
2135,3.516318
2136,3.337633
2137,3.4855795
2138,3.6562397
2139,3.7179782
2140,3.6427479
2141,3.6528509
2142,3.5995018
2143,3.4556565
2144,3.510557
2145,3.6123986
2146,3.7455518
2147,3.6007326
2148,3.4568896
2149,3.5993538
2150,3.653477
2151,3.6010408
2152,3.4915562
2153,3.6058974
2154,3.709355
2155,3.608086
2156,3.7515092
2157,3.7724993
2158,3.7896864
2159,3.603631
2160,3.541715
2161,3.6219075
2162,3.6151063
2163,3.644972
2164,3.7836955
2165,3.751351
2166,3.6412039
2167,3.5777383
2168,3.6599193
2169,3.7228248
2170,3.5958233
2171,3.6744182
2172,3.6490743
2173,3.7174914
2174,3.7507586
2175,3.7942355
2176,3.7366326
2177,3.722116
2178,3.7695892
2179,3.6266367
2180,3.7489617
2181,3.9084766
2182,3.8406887
2183,3.6587791
2184,3.5819077
2185,3.6439972
2186,3.518387
2187,3.6520033
2188,3.7632608
2189,3.7980676
2190,3.8735776
2191,3.6785285
2192,3.792461
2193,3.7352922
2194,3.919998
2195,3.7251983
2196,3.7244165
2197,3.767537
2198,3.6739695
2199,3.8347833
2200,3.8029685
2201,3.880793
2202,3.7720563
2203,3.7846427
2204,3.8225977
2205,3.9659996
2206,4.047461
2207,3.8884573
2208,3.8243976
2209,4.014189
2210,3.8487074
2211,3.8933926
2212,3.893927
2213,3.853288
2214,3.8915322
2215,3.8471584
2216,3.8468466
2217,4.008187
2218,4.036354
2219,3.896431
2220,3.8629427
2221,3.9252465
2222,3.840197
2223,3.9238765
2224,3.9687107
2225,3.9792144
2226,3.9711802
2227,3.914526
2228,3.996021
2229,4.034954
2230,3.9472427
2231,3.9909759
2232,3.9887435
2233,3.972633
2234,3.9860327
2235,3.9971445
2236,4.000085
2237,4.072822
2238,4.066331
2239,4.014063
2240,4.071818
2241,4.1687293
2242,4.2137756
2243,4.013305
2244,3.9158432
2245,4.0094004
2246,4.086416
2247,4.0653076
2248,4.044962
2249,4.196352
2250,4.140082
2251,4.088076
2252,4.1556063
2253,4.2471156
2254,4.333256
2255,4.0991764
2256,4.0420194
2257,4.20202
2258,4.2515965
2259,4.354027
2260,4.3240175
2261,4.2933393
2262,4.30293
2263,4.258671
2264,4.346979
2265,4.368976
2266,4.428072
2267,4.262873
2268,4.281693
2269,4.4050794
2270,4.302667
2271,4.3076134
2272,4.4185143
2273,4.328513
2274,4.3319807
2275,4.2660317
2276,4.3552046
2277,4.3689275
2278,4.435375
2279,4.286577
2280,4.2020493
2281,4.2246075
2282,4.2365036
2283,4.2919335
2284,4.2978344
2285,4.3502946
2286,4.378875
2287,4.308294
2288,4.371117
2289,4.375848
2290,4.2433643
2291,3.0664706
2292,2.9141839
2293,3.0025952
2294,3.0025444
2295,3.168298
2296,2.964563
2297,3.099234
2298,3.0769465
2299,2.875095
2300,3.021223
2301,3.0677426
2302,3.0532756
2303,3.1238155
2304,2.9998376
2305,3.0455904
2306,2.780802
2307,3.0499983
2308,2.9208746
2309,2.98902
2310,2.7833035
2311,2.9209583
2312,2.7467294
2313,3.3148415
2314,3.2525551
2315,3.0525446
2316,3.2690132
2317,3.1758585
2318,3.15645
2319,3.3106902
2320,3.102451
2321,3.1802945
2322,3.165872
2323,3.1845558
2324,3.1973069
2325,3.4257846
2326,3.5433722
2327,3.2355778
2328,3.0083816
2329,3.3523004
2330,3.3550758
2331,3.3828645
2332,3.2115989
2333,3.308769
2334,3.1197884
2335,3.1682622
2336,3.2243087
2337,3.2842112
2338,3.4629931
2339,3.2417283
2340,3.2889514
2341,3.2369115
2342,2.9886658
2343,3.1869402
2344,2.9840188
2345,3.2843115
2346,3.3750625
2347,3.3164723
2348,3.2821615
2349,3.337173
2350,3.0331442
2351,3.253893
2352,3.2527778
2353,3.3108134
2354,3.2064486
2355,3.2107124
2356,3.3430703
2357,3.442382
2358,3.4314682
2359,3.2440338
2360,3.407609
2361,3.5083668
2362,3.5589304
2363,3.3044124
2364,3.3027186
2365,3.4861252
2366,3.360885
2367,3.3940558
2368,3.5174735
2369,3.6603925
2370,3.4314327
2371,3.6256957
2372,3.609289
2373,3.6740322
2374,3.7341483
2375,3.6291049
2376,3.542793
2377,3.6303658
2378,3.6820729
2379,3.7069812
2380,3.752493
2381,3.7873228
2382,3.82303
2383,3.7194724
2384,3.7593558
2385,3.7621813
2386,3.8120928
2387,3.755302
2388,3.6882973
2389,3.7047102
2390,3.660216
2391,3.6470675
2392,3.7380264
2393,3.5851207
2394,3.72434
2395,3.6429617
2396,3.60609
2397,3.702361
2398,3.8415277
2399,3.7283351
2400,3.5423465
2401,3.5819607
2402,3.618252
2403,3.6993673
2404,3.5648167
2405,3.7998652
2406,3.7335782
2407,3.6442356
2408,3.5732489
2409,3.5579288
2410,3.5139976
2411,2.3498528
2412,2.7773905
2413,2.907773
2414,2.7758472
2415,2.652755
2416,2.4638822
2417,2.9264016
2418,2.5043972
2419,2.4393992
2420,2.7407198
2421,3.096785
2422,2.95835
2423,2.6626592
2424,2.437022
2425,2.4968903
2426,2.5432737
2427,2.7388384
2428,2.8242521
2429,2.5486221
2430,2.528093
2431,2.4807925
2432,2.9151523
2433,2.8734198
2434,2.7965686
2435,2.4361267
2436,2.573027
2437,2.9388306
2438,2.955209
2439,2.919056
2440,3.0798728
2441,3.1049988
2442,2.5722318
2443,2.86753
2444,3.1614957
2445,3.0378017
2446,2.9644566
2447,2.782174
2448,2.9284003
2449,3.025778
2450,2.903012
2451,3.044175
2452,2.8338375
2453,2.962523
2454,3.0641763
2455,3.0055943
2456,3.1173851
2457,3.1081548
2458,2.8637598
2459,2.7902024
2460,2.9286022
2461,2.8317332
2462,2.9004333
2463,2.8585925
2464,2.9722054
2465,3.0544088
2466,2.9143581
2467,2.890169
2468,2.992336
2469,2.8223157
2470,3.5820968
2471,3.4655573
2472,3.5057492
2473,3.3937585
2474,3.5452034
2475,3.546065
2476,3.6314068
2477,3.460525
2478,3.6221967
2479,3.5563612
2480,3.6825294
2481,3.8560781
2482,3.612093
2483,3.616943
2484,3.6004238
2485,3.5990036
2486,3.6560638
2487,3.5719776
2488,3.6489298
2489,3.6888175
2490,3.6109354
2491,3.67439
2492,3.7484913
2493,3.849097
2494,3.6662352
2495,3.6998477
2496,3.7884183
2497,3.825095
2498,3.8060813
2499,3.8390534
2500,3.9012434
2501,3.9234078
2502,3.8541877
2503,3.9334056
2504,3.8869538
2505,3.97009
2506,3.882953
2507,3.844415
2508,4.077886
2509,3.9172797
2510,4.0164623
2511,4.0333385
2512,3.9394722
2513,3.9858973
2514,3.9572425
2515,3.9622405
2516,3.9579496
2517,4.029081
2518,3.9765773
2519,3.8531098
2520,4.0042133
2521,3.8853467
2522,3.843406
2523,3.8807285
2524,3.9857824
2525,3.8862898
2526,3.8647652
2527,3.9123642
2528,3.8894298
2529,3.752595
2530,4.1586895
2531,4.0875635
2532,4.134592
2533,4.1297417
2534,4.1467457
2535,4.0590205
2536,4.1810756
2537,4.24145
2538,4.141652
2539,4.1777964
2540,4.3124785
2541,4.3937306
2542,4.2021236
2543,4.1319246
2544,4.126287
2545,4.12289
2546,4.181994
2547,4.1958237
2548,4.311746
2549,4.311211
2550,4.2643423
2551,4.3151336
2552,4.3614435
2553,4.4803767
2554,4.345755
2555,4.282993
2556,4.331732
2557,4.4523754
2558,4.464153
2559,4.483151
2560,4.464942
2561,4.4843307
2562,4.5235467
2563,4.516937
2564,4.5926547
2565,4.614853
2566,4.4887705
2567,4.4432964
2568,4.588989
2569,4.6004577
2570,4.5691566
2571,4.577716
2572,4.516627
2573,4.588867
2574,4.5633926
2575,4.545602
2576,4.6530285
2577,4.69603
2578,4.566374
2579,4.45272
2580,4.5283265
2581,4.55688
2582,4.515371
2583,4.5963492
2584,4.59928
2585,4.603115
2586,4.517794
2587,4.5029516
2588,4.607935
2589,4.537104
2590,3.3211076
2591,3.24918
2592,3.097232
2593,3.0926404
2594,2.9295805
2595,2.9172328
2596,2.9022334
2597,2.8677144
2598,3.0442321
2599,2.9748433
2600,3.045402
2601,3.2629244
2602,3.0261066
2603,2.9089594
2604,2.9316478
2605,2.9987588
2606,3.0839608
2607,3.1375494
2608,3.1922305
2609,3.0955298
2610,3.1964238
2611,3.3490949
2612,3.3475769
2613,3.287743
2614,3.1895273
2615,3.1788619
2616,3.1691735
2617,3.291088
2618,3.3558657
2619,3.2729428
2620,3.3191764
2621,3.281177
2622,3.1915317
2623,3.1651456
2624,3.4022045
2625,3.3771057
2626,3.3275843
2627,3.229978
2628,3.4604547
2629,3.4315143
2630,3.3082628
2631,3.371825
2632,3.351166
2633,3.4357774
2634,3.2426505
2635,3.3556557
2636,3.5158448
2637,3.5154955
2638,3.3726747
2639,3.1264865
2640,3.4231074
2641,3.4283116
2642,3.4747784
2643,3.4940608
2644,3.4242506
2645,3.5317528
2646,3.420005
2647,3.4015884
2648,3.2908654
2649,3.3527243
2650,3.0266683
2651,2.6990156
2652,2.9559104
2653,2.6678495
2654,2.611853
2655,2.466022
2656,2.5869348
2657,2.8540113
2658,2.2493646
2659,2.2756765
2660,2.454767
2661,2.5826952
2662,2.2656488
2663,2.5363915
2664,2.1388164
2665,2.4846773
2666,2.5073407
2667,2.4220316
2668,2.4365258
2669,2.520311
2670,2.5753536
2671,2.8408833
2672,2.7667193
2673,2.9157603
2674,2.877912
2675,2.6486645
2676,3.118491
2677,3.1989505
2678,3.1252508
2679,3.1807125
2680,3.2383804
2681,2.7620318
2682,3.0751863
2683,2.9342659
2684,3.0019178
2685,3.2027557
2686,2.7424054
2687,2.9691727
2688,3.1415532
2689,3.0953002
2690,3.1346552
2691,2.9098535
2692,3.0960093
2693,3.0724902
2694,2.9730554
2695,2.8969057
2696,3.042201
2697,3.1875086
2698,2.8979673
2699,2.8066537
2700,2.8505342
2701,2.7683558
2702,2.7280347
2703,3.082893
2704,2.686082
2705,2.8149562
2706,2.941797
2707,3.1028812
2708,3.1450834
2709,3.2916899
2710,3.794421
2711,3.6115637
2712,3.7308502
2713,3.6637735
2714,3.818584
2715,3.7337244
2716,3.7997603
2717,3.7454855
2718,3.7982433
2719,3.7737758
2720,3.8372078
2721,3.9154038
2722,3.8157704
2723,3.5183146
2724,3.713087
2725,3.6439328
2726,3.773894
2727,3.8348444
2728,3.7724144
2729,3.7989678
2730,3.8732011
2731,3.8177946
2732,3.8675385
2733,4.055025
2734,3.9265542
2735,3.8527222
2736,3.7902126
2737,3.812445
2738,3.9517043
2739,3.979793
2740,3.9064822
2741,3.9874167
2742,3.9583771
2743,4.0274396
2744,3.9942534
2745,4.144421
2746,4.0253
2747,4.032091
2748,4.1039915
2749,4.120054
2750,4.121306
2751,4.0308495
2752,4.0663753
2753,4.0670247
2754,4.0212817
2755,4.0672426
2756,4.031598
2757,4.133603
2758,3.9862268
2759,3.945017
2760,3.983887
2761,4.0515814
2762,3.963346
2763,4.001634
2764,4.036129
2765,4.017474
2766,4.00992
2767,4.0612607
2768,4.1417537
2769,3.9543436
2770,3.8589494
2771,3.719474
2772,3.8354242
2773,3.7541928
2774,3.8103933
2775,3.8615327
2776,3.8877754
2777,3.8814924
2778,3.6461506
2779,3.7887244
2780,3.8729901
2781,4.047465
2782,3.8420317
2783,3.8396542
2784,3.8267214
2785,3.7395997
2786,3.834294
2787,3.7655404
2788,3.8466825
2789,3.8453696
2790,3.8589456
2791,3.9428458
2792,4.0049877
2793,4.1150694
2794,4.0596876
2795,3.9394157
2796,4.0745473
2797,4.156812
2798,4.230286
2799,4.2141886
2800,4.1887517
2801,4.1832957
2802,4.1375957
2803,4.20118
2804,4.2155538
2805,4.2514167
2806,4.1807847
2807,4.1211042
2808,4.192943
2809,4.1863313
2810,4.1847143
2811,4.186727
2812,4.168139
2813,4.14322
2814,4.1073384
2815,4.1568
2816,4.158069
2817,4.144266
2818,4.0448666
2819,3.980534
2820,4.038987
2821,4.0211625
2822,4.0100937
2823,4.1123805
2824,4.1529055
2825,4.0858355
2826,4.059228
2827,4.0295806
2828,4.072033
2829,3.8993127
2830,2.4146476
2831,1.3133361
2832,2.0588315
2833,2.532206
2834,2.4095404
2835,1.8185043
2836,2.2105486
2837,2.5532312
2838,2.273244
2839,2.020125
2840,2.1709902
2841,2.3373632
2842,2.2845986
2843,2.4607875
2844,2.323113
2845,2.5721326
2846,2.5325608
2847,2.569663
2848,2.4329674
2849,2.133666
2850,2.482239
2851,2.0566194
2852,2.42863
2853,2.2405448
2854,1.7831764
2855,2.4844973
2856,2.2356298
2857,2.5876412
2858,2.3253043
2859,2.6521702
2860,2.480669
2861,2.675909
2862,2.4020443
2863,2.7709095
2864,2.5432892
2865,3.5899866
2866,3.6130815
2867,3.6200671
2868,3.599349
2869,3.5788598
2870,3.5578868
2871,3.5745852
2872,3.661954
2873,3.5814543
2874,3.6724164
2875,3.7373998
2876,3.883074
2877,3.5655541
2878,3.6899192
2879,3.59289
2880,3.659059
2881,3.6844232
2882,3.703849
2883,3.7904146
2884,3.76141
2885,3.6935306
2886,3.7427115
2887,3.8081677
2888,3.974358
2889,3.8380551
2890,3.7218444
2891,3.8398867
2892,3.847795
2893,3.807655
2894,3.843007
2895,3.809147
2896,3.9698236
2897,3.8960109
2898,3.9085555
2899,3.9812148
2900,4.058398
2901,3.9496279
2902,3.920613
2903,4.0230155
2904,3.9444242
2905,3.9567049
2906,3.928283
2907,3.8749413
2908,3.9916089
2909,3.8685827
2910,3.942782
2911,3.9544487
2912,4.0568285
2913,3.969149
2914,3.8890836
2915,3.9658601
2916,3.881378
2917,3.9732492
2918,3.9360678
2919,4.077534
2920,3.9824758
2921,3.9476275
2922,3.9029114
2923,4.013548
2924,3.969285
2925,2.467608
2926,1.7144686
2927,2.3575513
2928,2.120383
2929,2.2932618
2930,2.448808
2931,2.4259663
2932,1.9884106
2933,2.054329
2934,2.4661844
2935,2.3712738
2936,2.3887608
2937,2.0924573
2938,2.5848181
2939,2.0329373
2940,2.3909304
2941,2.3827577
2942,2.6293695
2943,2.4126968
2944,2.7274525
2945,2.4022603
2946,2.1115952
2947,2.557264
2948,2.4024749
2949,2.1927447
2950,2.7206104
2951,2.4474857
2952,2.3656676
